stage,paper_location,paper_line,paper_occurrence,source_ref,source_file,start_line,end_line,expected_token,occurrence_hint,handling,status,actual_line,source_text
G0,line 199 occurrence 1,199,1,src/gateway/server/ws-connection/message-handler.ts:941--957,src/gateway/server/ws-connection/message-handler.ts,941,957,resolveConnectAuthState,line=941,token,PASS,941,        const connectAuthState = await resolveConnectAuthState({
G0,line 204 occurrence 1,204,1,message-handler.ts:941--957,src/gateway/server/ws-connection/message-handler.ts,941,957,resolveConnectAuthState,line=941,token,PASS,941,        const connectAuthState = await resolveConnectAuthState({
G0,line 209 occurrence 1,209,1,message-handler.ts:941--957,src/gateway/server/ws-connection/message-handler.ts,941,957,hasDeviceIdentity,line=944,token,PASS,944,"          hasDeviceIdentity: Boolean(device),"
G0,line 214 occurrence 1,214,1,message-handler.ts:941--957,src/gateway/server/ws-connection/message-handler.ts,941,957,hasDeviceIdentity,line=944,token,PASS,944,"          hasDeviceIdentity: Boolean(device),"
G0,line 219 occurrence 1,219,1,message-handler.ts:941--957,src/gateway/server/ws-connection/message-handler.ts,941,957,hasDeviceIdentity,line=944,token,PASS,944,"          hasDeviceIdentity: Boolean(device),"
G0,line 224 occurrence 1,224,1,message-handler.ts:941--957,src/gateway/server/ws-connection/message-handler.ts,941,957,allowRealIpFallback,line=947,token,PASS,947,"          allowRealIpFallback,"
G0,line 229 occurrence 1,229,1,message-handler.ts:941--957,src/gateway/server/ws-connection/message-handler.ts,941,957,allowRealIpFallback,line=947,token,PASS,947,"          allowRealIpFallback,"
G0,line 234 occurrence 1,234,1,message-handler.ts:941--957,src/gateway/server/ws-connection/message-handler.ts,941,957,allowRealIpFallback,line=947,token,PASS,947,"          allowRealIpFallback,"
G0,line 239 occurrence 1,239,1,message-handler.ts:941--957,src/gateway/server/ws-connection/message-handler.ts,941,957,rateLimiter,line=948,token,PASS,948,"          rateLimiter: authRateLimiter,"
G0,line 244 occurrence 1,244,1,message-handler.ts:941--957,src/gateway/server/ws-connection/message-handler.ts,941,957,clientIp,line=949,token,PASS,949,"          clientIp: browserRateLimitClientIp,"
G0,line 260 occurrence 1,260,1,src/gateway/server/ws-connection/auth-context.ts:126--186,src/gateway/server/ws-connection/auth-context.ts,126,186,resolveConnectAuthState,line=126,token,PASS,126,export async function resolveConnectAuthState(params: {
G0,line 265 occurrence 1,265,1,auth-context.ts:126--135,src/gateway/server/ws-connection/auth-context.ts,126,135,resolveConnectAuthState,line=126,token,PASS,126,export async function resolveConnectAuthState(params: {
G0,line 270 occurrence 1,270,1,auth-context.ts:126--135,src/gateway/server/ws-connection/auth-context.ts,126,135,hasDeviceIdentity,line=129,token,PASS,129,  hasDeviceIdentity: boolean;
G0,line 275 occurrence 1,275,1,auth-context.ts:126--135,src/gateway/server/ws-connection/auth-context.ts,126,135,hasDeviceIdentity,line=129,token,PASS,129,  hasDeviceIdentity: boolean;
G0,line 280 occurrence 1,280,1,auth-context.ts:126--135,src/gateway/server/ws-connection/auth-context.ts,126,135,hasDeviceIdentity,line=129,token,PASS,129,  hasDeviceIdentity: boolean;
G0,line 285 occurrence 1,285,1,auth-context.ts:126--135,src/gateway/server/ws-connection/auth-context.ts,126,135,allowRealIpFallback,line=132,token,PASS,132,  allowRealIpFallback: boolean;
G0,line 290 occurrence 1,290,1,auth-context.ts:126--135,src/gateway/server/ws-connection/auth-context.ts,126,135,allowRealIpFallback,line=132,token,PASS,132,  allowRealIpFallback: boolean;
G0,line 295 occurrence 1,295,1,auth-context.ts:126--135,src/gateway/server/ws-connection/auth-context.ts,126,135,allowRealIpFallback,line=132,token,PASS,132,  allowRealIpFallback: boolean;
G0,line 300 occurrence 1,300,1,auth-context.ts:126--135,src/gateway/server/ws-connection/auth-context.ts,126,135,rateLimiter,line=133,token,PASS,133,  rateLimiter?: AuthRateLimiter;
G0,line 305 occurrence 1,305,1,auth-context.ts:126--135,src/gateway/server/ws-connection/auth-context.ts,126,135,clientIp,line=134,token,PASS,134,  clientIp?: string;
G0,line 320 occurrence 1,320,1,src/gateway/server/ws-connection/auth-context.ts:136,src/gateway/server/ws-connection/auth-context.ts,136,136,resolveSharedConnectAuth,line=136,token,PASS,136,  const sharedConnectAuth = resolveSharedConnectAuth(params.connectAuth);
G0,line 325 occurrence 1,325,1,auth-context.ts:136,src/gateway/server/ws-connection/auth-context.ts,136,136,resolveSharedConnectAuth,line=136,token,PASS,136,  const sharedConnectAuth = resolveSharedConnectAuth(params.connectAuth);
G0,line 330 occurrence 1,330,1,auth-context.ts:137,src/gateway/server/ws-connection/auth-context.ts,137,137,sharedAuthProvided,line=137,function-range-line-not-pinned,PASS,137,  const sharedAuthProvided = Boolean(sharedConnectAuth);
G0,line 335 occurrence 1,335,1,auth-context.ts:100--109,src/gateway/server/ws-connection/auth-context.ts,100,109,password,line=102,token,PASS,102,): { token?: string; password?: string } | undefined {
G0,line 355 occurrence 1,355,1,src/gateway/server/ws-connection/auth-context.ts:138--140,src/gateway/server/ws-connection/auth-context.ts,138,140,normalizeOptionalString,line=139,token,PASS,139,    ? normalizeOptionalString(params.connectAuth?.bootstrapToken)
G0,line 360 occurrence 1,360,1,auth-context.ts:138--140,src/gateway/server/ws-connection/auth-context.ts,138,140,normalizeOptionalString,line=139,token,PASS,139,    ? normalizeOptionalString(params.connectAuth?.bootstrapToken)
G0,line 365 occurrence 1,365,1,auth-context.ts:138--140,src/gateway/server/ws-connection/auth-context.ts,138,140,normalizeOptionalString,line=139,token,PASS,139,    ? normalizeOptionalString(params.connectAuth?.bootstrapToken)
G0,line 390 occurrence 1,390,1,src/gateway/server/ws-connection/auth-context.ts:141--142,src/gateway/server/ws-connection/auth-context.ts,141,142,hasDeviceIdentity,line=142,token,PASS,142,    params.hasDeviceIdentity ? resolveDeviceTokenCandidate(params.connectAuth) : {};
G0,line 395 occurrence 1,395,1,auth-context.ts:141--142,src/gateway/server/ws-connection/auth-context.ts,141,142,resolveDeviceTokenCandidate,line=142,token,PASS,142,    params.hasDeviceIdentity ? resolveDeviceTokenCandidate(params.connectAuth) : {};
G0,line 400 occurrence 1,400,1,auth-context.ts:141--142,src/gateway/server/ws-connection/auth-context.ts,141,142,resolveDeviceTokenCandidate,line=142,token,PASS,142,    params.hasDeviceIdentity ? resolveDeviceTokenCandidate(params.connectAuth) : {};
G0,line 405 occurrence 1,405,1,src/gateway/server/ws-connection/auth-context.ts:111--124,src/gateway/server/ws-connection/auth-context.ts,111,124,resolveDeviceTokenCandidate,line=111,token,PASS,111,function resolveDeviceTokenCandidate(connectAuth: HandshakeConnectAuth | null | undefined): {
G0,line 410 occurrence 1,410,1,auth-context.ts:111--124,src/gateway/server/ws-connection/auth-context.ts,111,124,normalizeOptionalString,line=115,token,PASS,115,  const explicitDeviceToken = normalizeOptionalString(connectAuth?.deviceToken);
G0,line 415 occurrence 1,415,1,auth-context.ts:111--124,src/gateway/server/ws-connection/auth-context.ts,111,124,normalizeOptionalString,line=115,token,PASS,115,  const explicitDeviceToken = normalizeOptionalString(connectAuth?.deviceToken);
G0,line 420 occurrence 1,420,1,auth-context.ts:111--124,src/gateway/server/ws-connection/auth-context.ts,111,124,normalizeOptionalString,line=115,token,PASS,115,  const explicitDeviceToken = normalizeOptionalString(connectAuth?.deviceToken);
G0,line 425 occurrence 1,425,1,auth-context.ts:111--124,src/gateway/server/ws-connection/auth-context.ts,111,124,connectAuth,line=111,token,PASS,111,function resolveDeviceTokenCandidate(connectAuth: HandshakeConnectAuth | null | undefined): {
G0,line 430 occurrence 1,430,1,auth-context.ts:111--124,src/gateway/server/ws-connection/auth-context.ts,111,124,connectAuth,line=111,token,PASS,111,function resolveDeviceTokenCandidate(connectAuth: HandshakeConnectAuth | null | undefined): {
G0,line 460 occurrence 1,460,1,src/gateway/server/ws-connection/auth-context.ts:144--153,src/gateway/server/ws-connection/auth-context.ts,144,153,authorizeWsControlUiGatewayConnect,line=144,token,PASS,144,  const authResult: GatewayAuthResult = await authorizeWsControlUiGatewayConnect({
G0,line 465 occurrence 1,465,1,auth-context.ts:145,src/gateway/server/ws-connection/auth-context.ts,145,145,resolvedAuth,line=145,token,PASS,145,"    auth: params.resolvedAuth,"
G0,line 470 occurrence 1,470,1,auth-context.ts:146,src/gateway/server/ws-connection/auth-context.ts,146,146,connectAuth,line=146,token,PASS,146,"    connectAuth: sharedConnectAuth,"
G0,line 475 occurrence 1,475,1,auth-context.ts:147,src/gateway/server/ws-connection/auth-context.ts,147,147,req,line=147,token,PASS,147,"    req: params.req,"
G0,line 480 occurrence 1,480,1,auth-context.ts:148,src/gateway/server/ws-connection/auth-context.ts,148,148,trustedProxies,line=148,token,PASS,148,"    trustedProxies: params.trustedProxies,"
G0,line 485 occurrence 1,485,1,auth-context.ts:149,src/gateway/server/ws-connection/auth-context.ts,149,149,allowRealIpFallback,line=149,token,PASS,149,"    allowRealIpFallback: params.allowRealIpFallback,"
G0,line 490 occurrence 1,490,1,auth-context.ts:150,src/gateway/server/ws-connection/auth-context.ts,150,150,rateLimiter,line=150,token,PASS,150,"    rateLimiter: sharedAuthProvided ? params.rateLimiter : undefined,"
G0,line 495 occurrence 1,495,1,auth-context.ts:151,src/gateway/server/ws-connection/auth-context.ts,151,151,clientIp,line=151,token,PASS,151,"    clientIp: params.clientIp,"
G0,line 500 occurrence 1,500,1,auth-context.ts:144--153,src/gateway/server/ws-connection/auth-context.ts,144,153,clientIp,line=151,token,PASS,151,"    clientIp: params.clientIp,"
G0,line 525 occurrence 1,525,1,src/gateway/server/ws-connection/auth-context.ts:155--166,src/gateway/server/ws-connection/auth-context.ts,155,166,authorizeHttpGatewayConnect,line=157,token,PASS,157,    (await authorizeHttpGatewayConnect({
G0,line 530 occurrence 1,530,1,auth-context.ts:155--166,src/gateway/server/ws-connection/auth-context.ts,155,166,authorizeHttpGatewayConnect,line=157,token,PASS,157,    (await authorizeHttpGatewayConnect({
G0,line 535 occurrence 1,535,1,auth-context.ts:155--166,src/gateway/server/ws-connection/auth-context.ts,155,166,authorizeHttpGatewayConnect,line=157,token,PASS,157,    (await authorizeHttpGatewayConnect({
G0,line 540 occurrence 1,540,1,auth-context.ts:155--166,src/gateway/server/ws-connection/auth-context.ts,155,166,allowTailscale,line=158,token,PASS,158,"      auth: { ...params.resolvedAuth, allowTailscale: false },"
G0,line 545 occurrence 1,545,1,auth-context.ts:155--166,src/gateway/server/ws-connection/auth-context.ts,155,166,trustedProxies,line=161,token,PASS,161,"      trustedProxies: params.trustedProxies,"
G0,line 550 occurrence 1,550,1,auth-context.ts:155--166,src/gateway/server/ws-connection/auth-context.ts,155,166,allowRealIpFallback,line=162,token,PASS,162,"      allowRealIpFallback: params.allowRealIpFallback,"
G0,line 555 occurrence 1,555,1,auth-context.ts:155--166,src/gateway/server/ws-connection/auth-context.ts,155,166,allowRealIpFallback,line=162,token,PASS,162,"      allowRealIpFallback: params.allowRealIpFallback,"
G0,line 560 occurrence 1,560,1,auth-context.ts:155--166,src/gateway/server/ws-connection/auth-context.ts,155,166,allowRealIpFallback,line=162,token,PASS,162,"      allowRealIpFallback: params.allowRealIpFallback,"
G0,line 565 occurrence 1,565,1,auth-context.ts:155--166,src/gateway/server/ws-connection/auth-context.ts,155,166,shared,line=155,token,PASS,155,  const sharedAuthResult =
G0,line 585 occurrence 1,585,1,src/gateway/server/ws-connection/auth-context.ts:170--173,src/gateway/server/ws-connection/auth-context.ts,170,173,shared,line=170,token,PASS,170,  const sharedAuthOk =
G0,line 590 occurrence 1,590,1,auth-context.ts:170--173,src/gateway/server/ws-connection/auth-context.ts,170,173,password,line=172,token,PASS,172,"      (sharedAuthResult.method === ""token"" || sharedAuthResult.method === ""password"")) ||"
G0,line 595 occurrence 1,595,1,auth-context.ts:170--173,src/gateway/server/ws-connection/auth-context.ts,170,173,password,line=172,token,PASS,172,"      (sharedAuthResult.method === ""token"" || sharedAuthResult.method === ""password"")) ||"
G0,line 600 occurrence 1,600,1,auth-context.ts:170--173,src/gateway/server/ws-connection/auth-context.ts,170,173,password,line=172,token,PASS,172,"      (sharedAuthResult.method === ""token"" || sharedAuthResult.method === ""password"")) ||"
G0,line 605 occurrence 1,605,1,auth-context.ts:170--173,src/gateway/server/ws-connection/auth-context.ts,170,173,trusted,line=173,token,PASS,173,"    (authResult.ok && authResult.method === ""trusted-proxy"");"
G0,line 610 occurrence 1,610,1,auth-context.ts:170--173,src/gateway/server/ws-connection/auth-context.ts,170,173,trusted,line=173,token,PASS,173,"    (authResult.ok && authResult.method === ""trusted-proxy"");"
G0,line 631 occurrence 1,631,1,src/gateway/server/ws-connection/auth-context.ts:175--185,src/gateway/server/ws-connection/auth-context.ts,175,185,authResult,line=176,token,PASS,176,"    authResult,"
G0,line 636 occurrence 1,636,1,auth-context.ts:176,src/gateway/server/ws-connection/auth-context.ts,176,176,authResult,line=176,token,PASS,176,"    authResult,"
G0,line 641 occurrence 1,641,1,auth-context.ts:177,src/gateway/server/ws-connection/auth-context.ts,177,177,authResult,line=177,token,PASS,177,"    authOk: authResult.ok,"
G0,line 646 occurrence 1,646,1,auth-context.ts:178--179,src/gateway/server/ws-connection/auth-context.ts,178,179,authMethod,line=178,token,PASS,178,    authMethod:
G0,line 651 occurrence 1,651,1,auth-context.ts:178--179,src/gateway/server/ws-connection/auth-context.ts,178,179,resolvedAuth,line=179,token,PASS,179,"      authResult.method ?? (params.resolvedAuth.mode === ""password"" ? ""password"" : ""token""),"
G0,line 656 occurrence 1,656,1,auth-context.ts:178--179,src/gateway/server/ws-connection/auth-context.ts,178,179,resolvedAuth,line=179,token,PASS,179,"      authResult.method ?? (params.resolvedAuth.mode === ""password"" ? ""password"" : ""token""),"
G0,line 661 occurrence 1,661,1,auth-context.ts:180,src/gateway/server/ws-connection/auth-context.ts,180,180,sharedAuthOk,line=180,token,PASS,180,"    sharedAuthOk,"
G0,line 666 occurrence 1,666,1,auth-context.ts:181,src/gateway/server/ws-connection/auth-context.ts,181,181,sharedAuthProvided,line=181,token,PASS,181,"    sharedAuthProvided,"
G0,line 671 occurrence 1,671,1,auth-context.ts:182,src/gateway/server/ws-connection/auth-context.ts,182,182,bootstrapTokenCandidate,line=182,token,PASS,182,"    bootstrapTokenCandidate,"
G0,line 676 occurrence 1,676,1,auth-context.ts:183,src/gateway/server/ws-connection/auth-context.ts,183,183,deviceTokenCandidate,line=183,token,PASS,183,"    deviceTokenCandidate,"
G0,line 681 occurrence 1,681,1,auth-context.ts:184,src/gateway/server/ws-connection/auth-context.ts,184,184,deviceTokenCandidateSource,line=184,token,PASS,184,"    deviceTokenCandidateSource,"
G0,line 686 occurrence 1,686,1,auth-context.ts:175--185,src/gateway/server/ws-connection/auth-context.ts,175,185,deviceTokenCandidateSource,line=184,token,PASS,184,"    deviceTokenCandidateSource,"
G0,line 824 occurrence 1,824,1,auth-context.ts:175--185,src/gateway/server/ws-connection/auth-context.ts,175,185,device,line=183,token,PASS,183,"    deviceTokenCandidate,"
G0,line 941 occurrence 1,941,1,src/gateway/server/ws-connection/message-handler.ts:941--957,src/gateway/server/ws-connection/message-handler.ts,941,957,auth,line=943,token,PASS,943,"          connectAuth: connectParams.auth,"
G0,line 944 occurrence 1,944,1,src/gateway/server/ws-connection/auth-context.ts:126--186,src/gateway/server/ws-connection/auth-context.ts,126,186,connection,line=168,token,PASS,168,  // no per-device credential needed. Include it so operator connections
G0,line 947 occurrence 1,947,1,src/gateway/server/ws-connection/auth-context.ts:100--109,src/gateway/server/ws-connection/auth-context.ts,100,109,function,line=100,token,PASS,100,function resolveSharedConnectAuth(
G0,line 950 occurrence 1,950,1,src/gateway/server/ws-connection/auth-context.ts:111--124,src/gateway/server/ws-connection/auth-context.ts,111,124,function,line=111,token,PASS,111,function resolveDeviceTokenCandidate(connectAuth: HandshakeConnectAuth | null | undefined): {
G0,line 953 occurrence 1,953,1,src/gateway/server/ws-connection/auth-context.ts:144--153,src/gateway/server/ws-connection/auth-context.ts,144,153,auth,line=144,token,PASS,144,  const authResult: GatewayAuthResult = await authorizeWsControlUiGatewayConnect({
G0,line 956 occurrence 1,956,1,src/gateway/server/ws-connection/auth-context.ts:155--185,src/gateway/server/ws-connection/auth-context.ts,155,185,credential,line=168,token,PASS,168,  // no per-device credential needed. Include it so operator connections
G0,line 1053 occurrence 1,1053,1,auth-context.ts:100--109,src/gateway/server/ws-connection/auth-context.ts,100,109,resolveSharedConnectAuth,line=100,token,PASS,100,function resolveSharedConnectAuth(
G0,line 1067 occurrence 1,1067,1,auth-context.ts:138--140,src/gateway/server/ws-connection/auth-context.ts,138,140,bootstrapTokenCandidate,line=138,token,PASS,138,  const bootstrapTokenCandidate = params.hasDeviceIdentity
G0,line 1077 occurrence 1,1077,1,auth-context.ts:111--124,src/gateway/server/ws-connection/auth-context.ts,111,124,resolveDeviceTokenCandidate,line=111,token,PASS,111,function resolveDeviceTokenCandidate(connectAuth: HandshakeConnectAuth | null | undefined): {
G0,line 1097 occurrence 1,1097,1,auth-context.ts:144--153,src/gateway/server/ws-connection/auth-context.ts,144,153,authorizeWsControlUiGatewayConnect,line=144,token,PASS,144,  const authResult: GatewayAuthResult = await authorizeWsControlUiGatewayConnect({
G0,line 1121 occurrence 1,1121,1,auth-context.ts:155--166,src/gateway/server/ws-connection/auth-context.ts,155,166,authorizeHttpGatewayConnect,line=157,token,PASS,157,    (await authorizeHttpGatewayConnect({
G0,line 1133 occurrence 1,1133,1,auth-context.ts:170--173,src/gateway/server/ws-connection/auth-context.ts,170,173,sharedAuthResult,line=171,token,PASS,171,    (sharedAuthResult?.ok === true &&
G0,line 1149 occurrence 1,1149,1,auth-context.ts:175--185,src/gateway/server/ws-connection/auth-context.ts,175,185,deviceTokenCandidateSource,line=184,token,PASS,184,"    deviceTokenCandidateSource,"
G1,line 1266 occurrence 1,1266,1,src/gateway/server/ws-connection/auth-context.ts:144--153,src/gateway/server/ws-connection/auth-context.ts,144,153,authorizeWsControlUiGatewayConnect,line=144,token,PASS,144,  const authResult: GatewayAuthResult = await authorizeWsControlUiGatewayConnect({
G1,line 1271 occurrence 1,1271,1,auth-context.ts:145,src/gateway/server/ws-connection/auth-context.ts,145,145,resolvedAuth,line=145,token,PASS,145,"    auth: params.resolvedAuth,"
G1,line 1276 occurrence 1,1276,1,auth-context.ts:146,src/gateway/server/ws-connection/auth-context.ts,146,146,sharedConnectAuth,line=146,token,PASS,146,"    connectAuth: sharedConnectAuth,"
G1,line 1281 occurrence 1,1281,1,auth-context.ts:147,src/gateway/server/ws-connection/auth-context.ts,147,147,req,line=147,token,PASS,147,"    req: params.req,"
G1,line 1286 occurrence 1,1286,1,auth-context.ts:148,src/gateway/server/ws-connection/auth-context.ts,148,148,trustedProxies,line=148,token,PASS,148,"    trustedProxies: params.trustedProxies,"
G1,line 1291 occurrence 1,1291,1,auth-context.ts:149,src/gateway/server/ws-connection/auth-context.ts,149,149,allowRealIpFallback,line=149,token,PASS,149,"    allowRealIpFallback: params.allowRealIpFallback,"
G1,line 1296 occurrence 1,1296,1,auth-context.ts:150,src/gateway/server/ws-connection/auth-context.ts,150,150,sharedAuthProvided,line=150,token,PASS,150,"    rateLimiter: sharedAuthProvided ? params.rateLimiter : undefined,"
G1,line 1301 occurrence 1,1301,1,auth-context.ts:151,src/gateway/server/ws-connection/auth-context.ts,151,151,clientIp,line=151,token,PASS,151,"    clientIp: params.clientIp,"
G1,line 1306 occurrence 1,1306,1,auth-context.ts:152,src/gateway/server/ws-connection/auth-context.ts,152,152,rateLimitScope,line=152,token,PASS,152,"    rateLimitScope: AUTH_RATE_LIMIT_SCOPE_SHARED_SECRET,"
G1,line 1311 occurrence 1,1311,1,auth-context.ts:144--153,src/gateway/server/ws-connection/auth-context.ts,144,153,rateLimitScope,line=152,token,PASS,152,"    rateLimitScope: AUTH_RATE_LIMIT_SCOPE_SHARED_SECRET,"
G1,line 1337 occurrence 1,1337,1,src/gateway/auth.ts:597--604,src/gateway/auth.ts,597,604,authorizeWsControlUiGatewayConnect,line=597,token,PASS,597,export async function authorizeWsControlUiGatewayConnect(
G1,line 1342 occurrence 1,1342,1,src/gateway/auth.ts:600--603,src/gateway/auth.ts,600,603,authorizeGatewayConnect,line=600,token,PASS,600,  return authorizeGatewayConnect({
G1,line 1347 occurrence 1,1347,1,src/gateway/auth.ts:600--603,src/gateway/auth.ts,600,603,authorizeGatewayConnect,line=600,token,PASS,600,  return authorizeGatewayConnect({
G1,line 1352 occurrence 1,1352,1,src/gateway/auth.ts:600--603,src/gateway/auth.ts,600,603,authSurface,line=602,token,PASS,602,"    authSurface: ""ws-control-ui"","
G1,line 1357 occurrence 1,1357,1,src/gateway/auth.ts:600--603,src/gateway/auth.ts,600,603,authSurface,line=602,token,PASS,602,"    authSurface: ""ws-control-ui"","
G1,line 1372 occurrence 1,1372,1,src/gateway/auth.ts:456--479,src/gateway/auth.ts,456,479,authorizeGatewayConnect,line=456,token,PASS,456,export async function authorizeGatewayConnect(
G1,line 1377 occurrence 1,1377,1,src/gateway/auth.ts:459,src/gateway/auth.ts,459,459,auth,line=459,token,PASS,459,  const { auth } = params;
G1,line 1382 occurrence 1,1382,1,src/gateway/auth.ts:460--461,src/gateway/auth.ts,460,461,resolveGatewayAuthRequestContext,line=461,token,PASS,461,    resolveGatewayAuthRequestContext(params);
G1,line 1387 occurrence 1,1387,1,src/gateway/auth.ts:460--461,src/gateway/auth.ts,460,461,resolveGatewayAuthRequestContext,line=461,token,PASS,461,    resolveGatewayAuthRequestContext(params);
G1,line 1392 occurrence 1,1392,1,src/gateway/auth.ts:460--461,src/gateway/auth.ts,460,461,authSurface,line=460,token,PASS,460,"  const { authSurface, limiter, ip, rateLimitScope, localDirect } ="
G1,line 1397 occurrence 1,1397,1,src/gateway/auth.ts:460--461,src/gateway/auth.ts,460,461,rateLimitScope,line=460,token,PASS,460,"  const { authSurface, limiter, ip, rateLimitScope, localDirect } ="
G1,line 1402 occurrence 1,1402,1,src/gateway/auth.ts:460--461,src/gateway/auth.ts,460,461,rateLimitScope,line=460,token,PASS,460,"  const { authSurface, limiter, ip, rateLimitScope, localDirect } ="
G1,line 1407 occurrence 1,1407,1,src/gateway/auth.ts:460--461,src/gateway/auth.ts,460,461,rateLimitScope,line=460,token,PASS,460,"  const { authSurface, limiter, ip, rateLimitScope, localDirect } ="
G1,line 1422 occurrence 1,1422,1,src/gateway/auth.ts:109--126,src/gateway/auth.ts,109,126,resolveGatewayAuthRequestContext,line=109,token,PASS,109,function resolveGatewayAuthRequestContext(
G1,line 1427 occurrence 1,1427,1,src/gateway/auth.ts:113,src/gateway/auth.ts,113,113,authSurface,line=113,token,PASS,113,"  const authSurface = params.authSurface ?? ""http"";"
G1,line 1432 occurrence 1,1432,1,src/gateway/auth.ts:114--117,src/gateway/auth.ts,114,117,resolveRequestClientIp,line=116,token,PASS,116,"    resolveRequestClientIp(req, trustedProxies, params.allowRealIpFallback === true) ??"
G1,line 1437 occurrence 1,1437,1,src/gateway/auth.ts:114--117,src/gateway/auth.ts,114,117,resolveRequestClientIp,line=116,token,PASS,116,"    resolveRequestClientIp(req, trustedProxies, params.allowRealIpFallback === true) ??"
G1,line 1442 occurrence 1,1442,1,src/gateway/auth.ts:114--117,src/gateway/auth.ts,114,117,resolveRequestClientIp,line=116,token,PASS,116,"    resolveRequestClientIp(req, trustedProxies, params.allowRealIpFallback === true) ??"
G1,line 1447 occurrence 1,1447,1,src/gateway/auth.ts:119--125,src/gateway/auth.ts,119,125,authSurface,line=120,token,PASS,120,"    authSurface,"
G1,line 1452 occurrence 1,1452,1,src/gateway/auth.ts:120,src/gateway/auth.ts,120,120,authSurface,line=120,token,PASS,120,"    authSurface,"
G1,line 1457 occurrence 1,1457,1,src/gateway/auth.ts:121,src/gateway/auth.ts,121,121,rateLimiter,line=121,token,PASS,121,"    limiter: params.rateLimiter,"
G1,line 1462 occurrence 1,1462,1,src/gateway/auth.ts:122,src/gateway/auth.ts,122,122,ip,line=122,token,PASS,122,"    ip,"
G1,line 1467 occurrence 1,1467,1,src/gateway/auth.ts:123,src/gateway/auth.ts,123,123,rateLimitScope,line=123,token,PASS,123,"    rateLimitScope: params.rateLimitScope ?? AUTH_RATE_LIMIT_SCOPE_SHARED_SECRET,"
G1,line 1472 occurrence 1,1472,1,src/gateway/auth.ts:124,src/gateway/auth.ts,124,124,isLocalDirectRequest,line=124,token,PASS,124,"    localDirect: isLocalDirectRequest(req, trustedProxies, params.allowRealIpFallback === true),"
G1,line 1477 occurrence 1,1477,1,src/gateway/auth.ts:119--125,src/gateway/auth.ts,119,125,isLocalDirectRequest,line=124,token,PASS,124,"    localDirect: isLocalDirectRequest(req, trustedProxies, params.allowRealIpFallback === true),"
G1,line 1482 occurrence 1,1482,1,src/gateway/auth.ts:600--603,src/gateway/auth.ts,600,603,control,line=602,token,PASS,602,"    authSurface: ""ws-control-ui"","
G1,line 1497 occurrence 1,1497,1,src/gateway/auth.ts:465--475,src/gateway/auth.ts,465,475,shouldAllowTailscaleHeaderAuth,line=467,token,PASS,467,    shouldAllowTailscaleHeaderAuth(authSurface) &&
G1,line 1502 occurrence 1,1502,1,src/gateway/auth.ts:465--475,src/gateway/auth.ts,465,475,shouldAllowTailscaleHeaderAuth,line=467,token,PASS,467,    shouldAllowTailscaleHeaderAuth(authSurface) &&
G1,line 1507 occurrence 1,1507,1,src/gateway/auth.ts:465--475,src/gateway/auth.ts,465,475,shouldAllowTailscaleHeaderAuth,line=467,token,PASS,467,    shouldAllowTailscaleHeaderAuth(authSurface) &&
G1,line 1512 occurrence 1,1512,1,src/gateway/auth.ts:465--475,src/gateway/auth.ts,465,475,withSerializedRateLimitAttempt,line=471,token,PASS,471,    return await withSerializedRateLimitAttempt({
G1,line 1517 occurrence 1,1517,1,src/gateway/auth.ts:471--475,src/gateway/auth.ts,471,475,withSerializedRateLimitAttempt,line=471,token,PASS,471,    return await withSerializedRateLimitAttempt({
G1,line 1522 occurrence 1,1522,1,src/gateway/auth.ts:471--475,src/gateway/auth.ts,471,475,withSerializedRateLimitAttempt,line=471,token,PASS,471,    return await withSerializedRateLimitAttempt({
G1,line 1527 occurrence 1,1527,1,src/gateway/auth.ts:471--475,src/gateway/auth.ts,471,475,authorizeGatewayConnectCore,line=474,token,PASS,474,"      run: async () => await authorizeGatewayConnectCore(params),"
G1,line 1532 occurrence 1,1532,1,src/gateway/auth.ts:478,src/gateway/auth.ts,478,478,authorizeGatewayConnectCore,line=478,token,PASS,478,  return await authorizeGatewayConnectCore(params);
G1,line 1537 occurrence 1,1537,1,src/gateway/auth.ts:478,src/gateway/auth.ts,478,478,authorizeGatewayConnectCore,line=478,token,PASS,478,  return await authorizeGatewayConnectCore(params);
G1,line 1562 occurrence 1,1562,1,src/gateway/auth.ts:481--584,src/gateway/auth.ts,481,584,authorizeGatewayConnectCore,line=481,token,PASS,481,async function authorizeGatewayConnectCore(
G1,line 1567 occurrence 1,1567,1,src/gateway/auth.ts:484,src/gateway/auth.ts,484,484,trustedProxies,line=484,token,PASS,484,"  const { auth, connectAuth, req, trustedProxies } = params;"
G1,line 1572 occurrence 1,1572,1,src/gateway/auth.ts:486--487,src/gateway/auth.ts,486,487,resolveGatewayAuthRequestContext,line=487,token,PASS,487,    resolveGatewayAuthRequestContext(params);
G1,line 1577 occurrence 1,1577,1,src/gateway/auth.ts:488,src/gateway/auth.ts,488,488,shouldAllowTailscaleHeaderAuth,line=488,token,PASS,488,  const allowTailscaleHeaderAuth = shouldAllowTailscaleHeaderAuth(authSurface);
G1,line 1582 occurrence 1,1582,1,src/gateway/auth.ts:488,src/gateway/auth.ts,488,488,shouldAllowTailscaleHeaderAuth,line=488,token,PASS,488,  const allowTailscaleHeaderAuth = shouldAllowTailscaleHeaderAuth(authSurface);
G1,line 1597 occurrence 1,1597,1,src/gateway/auth.ts:490--531,src/gateway/auth.ts,490,531,trusted,line=490,token,PASS,490,"  if (auth.mode === ""trusted-proxy"") {"
G1,line 1602 occurrence 1,1602,1,src/gateway/auth.ts:490--531,src/gateway/auth.ts,490,531,trusted,line=490,token,PASS,490,"  if (auth.mode === ""trusted-proxy"") {"
G1,line 1612 occurrence 1,1612,1,src/gateway/auth.ts:533--535,src/gateway/auth.ts,533,535,method,line=534,token,PASS,534,"    return { ok: true, method: ""none"" };"
G1,line 1617 occurrence 1,1617,1,src/gateway/auth.ts:533--535,src/gateway/auth.ts,533,535,method,line=534,token,PASS,534,"    return { ok: true, method: ""none"" };"
G1,line 1637 occurrence 1,1637,1,src/gateway/auth.ts:537--540,src/gateway/auth.ts,537,540,rejectIfRateLimited,line=537,token,PASS,537,"  const rateLimitResult = rejectIfRateLimited({ limiter, ip, rateLimitScope });"
G1,line 1642 occurrence 1,1642,1,src/gateway/auth.ts:537,src/gateway/auth.ts,537,537,rejectIfRateLimited,line=537,token,PASS,537,"  const rateLimitResult = rejectIfRateLimited({ limiter, ip, rateLimitScope });"
G1,line 1647 occurrence 1,1647,1,src/gateway/auth.ts:537,src/gateway/auth.ts,537,537,rateLimitScope,line=537,token,PASS,537,"  const rateLimitResult = rejectIfRateLimited({ limiter, ip, rateLimitScope });"
G1,line 1652 occurrence 1,1652,1,src/gateway/auth.ts:538--540,src/gateway/auth.ts,538,540,if,line=538,token,PASS,538,  if (rateLimitResult) {
G1,line 1657 occurrence 1,1657,1,src/gateway/auth.ts:538--540,src/gateway/auth.ts,538,540,rate,line=538,token,PASS,538,  if (rateLimitResult) {
G1,line 1677 occurrence 1,1677,1,src/gateway/auth.ts:542--560,src/gateway/auth.ts,542,560,allowTailscale,line=543,token,PASS,543,    allowTailscaleHeaderAuth &&
G1,line 1682 occurrence 1,1682,1,src/gateway/auth.ts:542--560,src/gateway/auth.ts,542,560,allowTailscale,line=543,token,PASS,543,    allowTailscaleHeaderAuth &&
G1,line 1687 occurrence 1,1687,1,src/gateway/auth.ts:542--560,src/gateway/auth.ts,542,560,hasExplicitSharedSecretAuth,line=546,token,PASS,546,    !hasExplicitSharedSecretAuth(connectAuth)
G1,line 1692 occurrence 1,1692,1,src/gateway/auth.ts:542--560,src/gateway/auth.ts,542,560,hasExplicitSharedSecretAuth,line=546,token,PASS,546,    !hasExplicitSharedSecretAuth(connectAuth)
G1,line 1697 occurrence 1,1697,1,src/gateway/auth.ts:548--559,src/gateway/auth.ts,548,559,Tailscale,line=548,token,PASS,548,    const tailscaleCheck = await resolveVerifiedTailscaleUser({
G1,line 1722 occurrence 1,1722,1,src/gateway/auth.ts:562--570,src/gateway/auth.ts,562,570,authorizeTokenAuth,line=563,token,PASS,563,    return authorizeTokenAuth({
G1,line 1727 occurrence 1,1727,1,src/gateway/auth.ts:563--569,src/gateway/auth.ts,563,569,authorizeTokenAuth,line=563,token,PASS,563,    return authorizeTokenAuth({
G1,line 1732 occurrence 1,1732,1,src/gateway/auth.ts:564,src/gateway/auth.ts,564,564,authToken,line=564,token,PASS,564,"      authToken: auth.token,"
G1,line 1737 occurrence 1,1737,1,src/gateway/auth.ts:565,src/gateway/auth.ts,565,565,connectToken,line=565,token,PASS,565,"      connectToken: connectAuth?.token,"
G1,line 1742 occurrence 1,1742,1,src/gateway/auth.ts:566,src/gateway/auth.ts,566,566,limiter,line=566,token,PASS,566,"      limiter,"
G1,line 1747 occurrence 1,1747,1,src/gateway/auth.ts:567,src/gateway/auth.ts,567,567,ip,line=567,token,PASS,567,"      ip,"
G1,line 1752 occurrence 1,1752,1,src/gateway/auth.ts:568,src/gateway/auth.ts,568,568,rateLimitScope,line=568,token,PASS,568,"      rateLimitScope,"
G1,line 1757 occurrence 1,1757,1,src/gateway/auth.ts:563--569,src/gateway/auth.ts,563,569,rateLimitScope,line=568,token,PASS,568,"      rateLimitScope,"
G1,line 1777 occurrence 1,1777,1,src/gateway/auth.ts:389--411,src/gateway/auth.ts,389,411,authorizeTokenAuth,line=389,token,PASS,389,function authorizeTokenAuth(params: {
G1,line 1782 occurrence 1,1782,1,src/gateway/auth.ts:396--398,src/gateway/auth.ts,396,398,token_missing_config,line=397,token,PASS,397,"    return { ok: false, reason: ""token_missing_config"" };"
G1,line 1787 occurrence 1,1787,1,src/gateway/auth.ts:396--398,src/gateway/auth.ts,396,398,token_missing_config,line=397,token,PASS,397,"    return { ok: false, reason: ""token_missing_config"" };"
G1,line 1792 occurrence 1,1792,1,src/gateway/auth.ts:399--404,src/gateway/auth.ts,399,404,token_missing,line=403,token,PASS,403,"    return { ok: false, reason: ""token_missing"" };"
G1,line 1797 occurrence 1,1797,1,src/gateway/auth.ts:399--404,src/gateway/auth.ts,399,404,token_missing,line=403,token,PASS,403,"    return { ok: false, reason: ""token_missing"" };"
G1,line 1802 occurrence 1,1802,1,src/gateway/auth.ts:405--408,src/gateway/auth.ts,405,408,safeEqualSecret,line=405,token,PASS,405,"  if (!safeEqualSecret(params.connectToken, params.authToken)) {"
G1,line 1807 occurrence 1,1807,1,src/gateway/auth.ts:405--407,src/gateway/auth.ts,405,407,safeEqualSecret,line=405,token,PASS,405,"  if (!safeEqualSecret(params.connectToken, params.authToken)) {"
G1,line 1812 occurrence 1,1812,1,src/gateway/auth.ts:405--408,src/gateway/auth.ts,405,408,token_mismatch,line=407,token,PASS,407,"    return { ok: false, reason: ""token_mismatch"" };"
G1,line 1817 occurrence 1,1817,1,src/gateway/auth.ts:409,src/gateway/auth.ts,409,409,limiter,line=409,token,PASS,409,"  params.limiter?.reset(params.ip, params.rateLimitScope);"
G1,line 1822 occurrence 1,1822,1,src/gateway/auth.ts:410,src/gateway/auth.ts,410,410,method,line=410,token,PASS,410,"  return { ok: true, method: ""token"" };"
G1,line 1848 occurrence 1,1848,1,src/gateway/server/ws-connection/auth-context.ts:144,src/gateway/server/ws-connection/auth-context.ts,144,144,auth,line=144,token,PASS,144,  const authResult: GatewayAuthResult = await authorizeWsControlUiGatewayConnect({
G1,line 1904 occurrence 1,1904,1,src/gateway/server/ws-connection/auth-context.ts:175--185,src/gateway/server/ws-connection/auth-context.ts,175,185,device,line=183,token,PASS,183,"    deviceTokenCandidate,"
G1,line 2010 occurrence 1,2010,1,src/gateway/server/ws-connection/auth-context.ts:144--153,src/gateway/server/ws-connection/auth-context.ts,144,153,Control,line=144,token,PASS,144,  const authResult: GatewayAuthResult = await authorizeWsControlUiGatewayConnect({
G1,line 2013 occurrence 1,2013,1,src/gateway/auth.ts:597--604,src/gateway/auth.ts,597,604,function,line=597,token,PASS,597,export async function authorizeWsControlUiGatewayConnect(
G1,line 2016 occurrence 1,2016,1,src/gateway/auth.ts:456--479,src/gateway/auth.ts,456,479,function,line=456,token,PASS,456,export async function authorizeGatewayConnect(
G1,line 2019 occurrence 1,2019,1,src/gateway/auth.ts:481--584,src/gateway/auth.ts,481,584,auth,line=481,token,PASS,481,async function authorizeGatewayConnectCore(
G1,line 2022 occurrence 1,2022,1,src/gateway/auth.ts:389--411,src/gateway/auth.ts,389,411,auth,line=389,token,PASS,389,function authorizeTokenAuth(params: {
G1,line 2025 occurrence 1,2025,1,src/gateway/auth.ts:109--126,src/gateway/auth.ts,109,126,auth,line=113,token,PASS,113,"  const authSurface = params.authSurface ?? ""http"";"
G1,line 2115 occurrence 1,2115,1,auth.ts:597--604,src/gateway/auth.ts,597,604,authorizeWsControlUiGatewayConnect,line=597,token,PASS,597,export async function authorizeWsControlUiGatewayConnect(
G1,line 2124 occurrence 1,2124,1,auth.ts:109--126,src/gateway/auth.ts,109,126,resolveGatewayAuthRequestContext,line=109,token,PASS,109,function resolveGatewayAuthRequestContext(
G1,line 2135 occurrence 1,2135,1,auth.ts:463--478,src/gateway/auth.ts,463,478,withSerializedRateLimitAttempt,line=471,token,PASS,471,    return await withSerializedRateLimitAttempt({
G1,line 2144 occurrence 1,2144,1,auth.ts:481--488,src/gateway/auth.ts,481,488,authorizeGatewayConnectCore,line=481,token,PASS,481,async function authorizeGatewayConnectCore(
G1,line 2154 occurrence 1,2154,1,auth.ts:490--535,src/gateway/auth.ts,490,535,trusted,line=490,token,PASS,490,"  if (auth.mode === ""trusted-proxy"") {"
G1,line 2162 occurrence 1,2162,1,auth.ts:537--540,src/gateway/auth.ts,537,540,rejectIfRateLimited,line=537,token,PASS,537,"  const rateLimitResult = rejectIfRateLimited({ limiter, ip, rateLimitScope });"
G1,line 2171 occurrence 1,2171,1,auth.ts:542--560,src/gateway/auth.ts,542,560,hasExplicitSharedSecretAuth,line=546,token,PASS,546,    !hasExplicitSharedSecretAuth(connectAuth)
G1,line 2185 occurrence 1,2185,1,auth.ts:562--570,src/gateway/auth.ts,562,570,authorizeTokenAuth,line=563,token,PASS,563,    return authorizeTokenAuth({
G1,line 2194 occurrence 1,2194,1,auth.ts:389--411,src/gateway/auth.ts,389,411,token_missing_config,line=397,token,PASS,397,"    return { ok: false, reason: ""token_missing_config"" };"
G2,line 2304 occurrence 1,2304,1,src/gateway/server/ws-connection/message-handler.ts:1038--1136,src/gateway/server/ws-connection/message-handler.ts,1038,1136,evaluateMissingDeviceIdentity,line=1076,token,PASS,1076,          const decision = evaluateMissingDeviceIdentity({
G2,line 2309 occurrence 1,2309,1,message-handler.ts:1038--1136,src/gateway/server/ws-connection/message-handler.ts,1038,1136,evaluateMissingDeviceIdentity,line=1076,token,PASS,1076,          const decision = evaluateMissingDeviceIdentity({
G2,line 2314 occurrence 1,2314,1,message-handler.ts:1038--1136,src/gateway/server/ws-connection/message-handler.ts,1038,1136,hasDeviceIdentity,line=1077,token,PASS,1077,"            hasDeviceIdentity: Boolean(device),"
G2,line 2319 occurrence 1,2319,1,message-handler.ts:1038--1136,src/gateway/server/ws-connection/message-handler.ts,1038,1136,sharedAuthOk,line=1046,token,PASS,1046,"          sharedAuthOk,"
G2,line 2324 occurrence 1,2324,1,message-handler.ts:1038--1136,src/gateway/server/ws-connection/message-handler.ts,1038,1136,sharedAuthOk,line=1046,token,PASS,1046,"          sharedAuthOk,"
G2,line 2329 occurrence 1,2329,1,message-handler.ts:1038--1136,src/gateway/server/ws-connection/message-handler.ts,1038,1136,sharedAuthOk,line=1046,token,PASS,1046,"          sharedAuthOk,"
G2,line 2334 occurrence 1,2334,1,message-handler.ts:1038--1136,src/gateway/server/ws-connection/message-handler.ts,1038,1136,hasDeviceIdentity,line=1077,token,PASS,1077,"            hasDeviceIdentity: Boolean(device),"
G2,line 2359 occurrence 1,2359,1,src/gateway/server/ws-connection/message-handler.ts:1137--1213,src/gateway/server/ws-connection/message-handler.ts,1137,1213,deriveDeviceIdFromPublicKey,line=1171,token,PASS,1171,          const derivedId = deriveDeviceIdFromPublicKey(device.publicKey);
G2,line 2364 occurrence 1,2364,1,message-handler.ts:1137--1213,src/gateway/server/ws-connection/message-handler.ts,1137,1213,deriveDeviceIdFromPublicKey,line=1171,token,PASS,1171,          const derivedId = deriveDeviceIdFromPublicKey(device.publicKey);
G2,line 2369 occurrence 1,2369,1,message-handler.ts:1137--1213,src/gateway/server/ws-connection/message-handler.ts,1137,1213,signedAt,line=1176,token,PASS,1176,          const signedAt = device.signedAt;
G2,line 2374 occurrence 1,2374,1,message-handler.ts:1137--1213,src/gateway/server/ws-connection/message-handler.ts,1137,1213,resolveDeviceSignaturePayloadVersion,line=1195,token,PASS,1195,          const payloadVersion = resolveDeviceSignaturePayloadVersion({
G2,line 2379 occurrence 1,2379,1,message-handler.ts:1137--1213,src/gateway/server/ws-connection/message-handler.ts,1137,1213,resolveDeviceSignaturePayloadVersion,line=1195,token,PASS,1195,          const payloadVersion = resolveDeviceSignaturePayloadVersion({
G2,line 2384 occurrence 1,2384,1,message-handler.ts:1137--1213,src/gateway/server/ws-connection/message-handler.ts,1137,1213,resolveDeviceSignaturePayloadVersion,line=1195,token,PASS,1195,          const payloadVersion = resolveDeviceSignaturePayloadVersion({
G2,line 2405 occurrence 1,2405,1,src/gateway/server/ws-connection/message-handler.ts:1215,src/gateway/server/ws-connection/message-handler.ts,1215,1215,resolveConnectAuthDecision,line=1215,token,PASS,1215,        const authDecision = await resolveConnectAuthDecision({
G2,line 2410 occurrence 1,2410,1,message-handler.ts:1215 onward,src/gateway/server/ws-connection/message-handler.ts,1215,-1,resolveConnectAuthDecision,line=1215,token,PASS,1215,        const authDecision = await resolveConnectAuthDecision({
G2,line 2415 occurrence 1,2415,1,message-handler.ts:1215 onward,src/gateway/server/ws-connection/message-handler.ts,1215,-1,hasDeviceIdentity,line=1226,token,PASS,1226,"          hasDeviceIdentity: Boolean(device),"
G2,line 2420 occurrence 1,2420,1,message-handler.ts:1215 onward,src/gateway/server/ws-connection/message-handler.ts,1215,-1,hasDeviceIdentity,line=1226,token,PASS,1226,"          hasDeviceIdentity: Boolean(device),"
G2,line 2425 occurrence 1,2425,1,message-handler.ts:1215 onward,src/gateway/server/ws-connection/message-handler.ts,1215,-1,publicKey,line=1228,token,PASS,1228,"          publicKey: device?.publicKey,"
G2,line 2430 occurrence 1,2430,1,message-handler.ts:1215 onward,src/gateway/server/ws-connection/message-handler.ts,1215,-1,publicKey,line=1228,token,PASS,1228,"          publicKey: device?.publicKey,"
G2,line 2435 occurrence 1,2435,1,message-handler.ts:1215 onward,src/gateway/server/ws-connection/message-handler.ts,1215,-1,rateLimiter,line=1231,token,PASS,1231,"          rateLimiter: authRateLimiter,"
G2,line 2440 occurrence 1,2440,1,message-handler.ts:1215 onward,src/gateway/server/ws-connection/message-handler.ts,1215,-1,rateLimiter,line=1231,token,PASS,1231,"          rateLimiter: authRateLimiter,"
G2,line 2445 occurrence 1,2445,1,message-handler.ts:1215 onward,src/gateway/server/ws-connection/message-handler.ts,1215,-1,verifyBootstrapToken,line=1233,token,PASS,1233,          verifyBootstrapToken: async ({
G2,line 2450 occurrence 1,2450,1,message-handler.ts:1215 onward,src/gateway/server/ws-connection/message-handler.ts,1215,-1,verifyBootstrapToken,line=1233,token,PASS,1233,          verifyBootstrapToken: async ({
G2,line 2455 occurrence 1,2455,1,message-handler.ts:1215 onward,src/gateway/server/ws-connection/message-handler.ts,1215,-1,verifyBootstrapToken,line=1233,token,PASS,1233,          verifyBootstrapToken: async ({
G2,line 2460 occurrence 1,2460,1,message-handler.ts:1215 onward,src/gateway/server/ws-connection/message-handler.ts,1215,-1,verifyDeviceToken,line=1247,token,PASS,1247,          verifyDeviceToken: async (paramsLocal) =>
G2,line 2557 occurrence 1,2557,1,src/gateway/server/ws-connection/auth-context.ts:188--207,src/gateway/server/ws-connection/auth-context.ts,188,207,resolveConnectAuthDecision,line=188,token,PASS,188,export async function resolveConnectAuthDecision(
G2,line 2562 occurrence 1,2562,1,auth-context.ts:188--207,src/gateway/server/ws-connection/auth-context.ts,188,207,resolveConnectAuthDecisionCore,line=199,token,PASS,199,    return await resolveConnectAuthDecisionCore(params);
G2,line 2567 occurrence 1,2567,1,auth-context.ts:188--207,src/gateway/server/ws-connection/auth-context.ts,188,207,resolveConnectAuthDecisionCore,line=199,token,PASS,199,    return await resolveConnectAuthDecisionCore(params);
G2,line 2572 occurrence 1,2572,1,auth-context.ts:188--207,src/gateway/server/ws-connection/auth-context.ts,188,207,resolveConnectAuthDecisionCore,line=199,token,PASS,199,    return await resolveConnectAuthDecisionCore(params);
G2,line 2577 occurrence 1,2577,1,auth-context.ts:188--207,src/gateway/server/ws-connection/auth-context.ts,188,207,bootstrapTokenCandidate,line=196,token,PASS,196,"    params.state.bootstrapTokenCandidate,"
G2,line 2602 occurrence 1,2602,1,src/gateway/server/ws-connection/auth-context.ts:208 onward,src/gateway/server/ws-connection/auth-context.ts,208,-1,authResult,line=211,token,PASS,211,  let authResult = params.state.authResult;
G2,line 2607 occurrence 1,2607,1,auth-context.ts:208 onward,src/gateway/server/ws-connection/auth-context.ts,208,-1,authResult,line=211,token,PASS,211,  let authResult = params.state.authResult;
G2,line 2612 occurrence 1,2612,1,auth-context.ts:208 onward,src/gateway/server/ws-connection/auth-context.ts,208,-1,authMethod,line=213,token,PASS,213,  let authMethod = params.state.authMethod;
G2,line 2617 occurrence 1,2617,1,auth-context.ts:208 onward,src/gateway/server/ws-connection/auth-context.ts,208,-1,authMethod,line=213,token,PASS,213,  let authMethod = params.state.authMethod;
G2,line 2642 occurrence 1,2642,1,src/gateway/server/ws-connection/auth-context.ts:208 onward,src/gateway/server/ws-connection/auth-context.ts,208,-1,bootstrapTokenCandidate,line=229,token,PASS,229,  const bootstrapTokenCandidate = params.state.bootstrapTokenCandidate;
G2,line 2647 occurrence 1,2647,1,auth-context.ts:208 onward,src/gateway/server/ws-connection/auth-context.ts,208,-1,bootstrapTokenCandidate,line=229,token,PASS,229,  const bootstrapTokenCandidate = params.state.bootstrapTokenCandidate;
G2,line 2652 occurrence 1,2652,1,auth-context.ts:208 onward,src/gateway/server/ws-connection/auth-context.ts,208,-1,bootstrapTokenCandidate,line=229,token,PASS,229,  const bootstrapTokenCandidate = params.state.bootstrapTokenCandidate;
G2,line 2657 occurrence 1,2657,1,auth-context.ts:208 onward,src/gateway/server/ws-connection/auth-context.ts,208,-1,bootstrap,line=229,token,PASS,229,  const bootstrapTokenCandidate = params.state.bootstrapTokenCandidate;
G2,line 2662 occurrence 1,2662,1,auth-context.ts:208 onward,src/gateway/server/ws-connection/auth-context.ts,208,-1,bootstrap,line=229,token,PASS,229,  const bootstrapTokenCandidate = params.state.bootstrapTokenCandidate;
G2,line 2667 occurrence 1,2667,1,auth-context.ts:208 onward,src/gateway/server/ws-connection/auth-context.ts,208,-1,bootstrap,line=229,token,PASS,229,  const bootstrapTokenCandidate = params.state.bootstrapTokenCandidate;
G2,line 2672 occurrence 1,2672,1,auth-context.ts:208 onward,src/gateway/server/ws-connection/auth-context.ts,208,-1,bootstrapTokenCandidate,line=229,token,PASS,229,  const bootstrapTokenCandidate = params.state.bootstrapTokenCandidate;
G2,line 2697 occurrence 1,2697,1,src/gateway/server/ws-connection/auth-context.ts:208 onward,src/gateway/server/ws-connection/auth-context.ts,208,-1,deviceTokenCandidate,line=279,token,PASS,279,  const deviceTokenCandidate = params.state.deviceTokenCandidate;
G2,line 2702 occurrence 1,2702,1,auth-context.ts:208 onward,src/gateway/server/ws-connection/auth-context.ts,208,-1,deviceTokenCandidate,line=279,token,PASS,279,  const deviceTokenCandidate = params.state.deviceTokenCandidate;
G2,line 2707 occurrence 1,2707,1,auth-context.ts:208 onward,src/gateway/server/ws-connection/auth-context.ts,208,-1,hasDeviceIdentity,line=230,token,PASS,230,  if (params.hasDeviceIdentity && params.deviceId && params.publicKey && bootstrapTokenCandidate) {
G2,line 2712 occurrence 1,2712,1,auth-context.ts:208 onward,src/gateway/server/ws-connection/auth-context.ts,208,-1,deviceId,line=230,token,PASS,230,  if (params.hasDeviceIdentity && params.deviceId && params.publicKey && bootstrapTokenCandidate) {
G2,line 2717 occurrence 1,2717,1,auth-context.ts:208 onward,src/gateway/server/ws-connection/auth-context.ts,208,-1,auth,line=211,token,PASS,211,  let authResult = params.state.authResult;
G2,line 2722 occurrence 1,2722,1,auth-context.ts:208 onward,src/gateway/server/ws-connection/auth-context.ts,208,-1,hasDeviceIdentity,line=230,token,PASS,230,  if (params.hasDeviceIdentity && params.deviceId && params.publicKey && bootstrapTokenCandidate) {
G2,line 2757 occurrence 1,2757,1,src/gateway/server/ws-connection/auth-context.ts:208 onward,src/gateway/server/ws-connection/auth-context.ts,208,-1,rateLimiter,line=219,token,PASS,219,"      params.rateLimiter?.recordFailure(params.clientIp, AUTH_RATE_LIMIT_SCOPE_BOOTSTRAP_TOKEN);"
G2,line 2762 occurrence 1,2762,1,auth-context.ts:208 onward,src/gateway/server/ws-connection/auth-context.ts,208,-1,rateLimiter,line=219,token,PASS,219,"      params.rateLimiter?.recordFailure(params.clientIp, AUTH_RATE_LIMIT_SCOPE_BOOTSTRAP_TOKEN);"
G2,line 2767 occurrence 1,2767,1,auth-context.ts:208 onward,src/gateway/server/ws-connection/auth-context.ts,208,-1,rateLimiter,line=219,token,PASS,219,"      params.rateLimiter?.recordFailure(params.clientIp, AUTH_RATE_LIMIT_SCOPE_BOOTSTRAP_TOKEN);"
G2,line 2772 occurrence 1,2772,1,auth-context.ts:208 onward,src/gateway/server/ws-connection/auth-context.ts,208,-1,allowed,line=241,token,PASS,241,      if (!bootstrapRateCheck.allowed) {
G2,line 2797 occurrence 1,2797,1,src/gateway/server/ws-connection/auth-context.ts:208 onward,src/gateway/server/ws-connection/auth-context.ts,208,-1,verifyDeviceToken,line=301,token,PASS,301,    const tokenCheck = await params.verifyDeviceToken({
G2,line 2802 occurrence 1,2802,1,auth-context.ts:208 onward,src/gateway/server/ws-connection/auth-context.ts,208,-1,verifyDeviceToken,line=301,token,PASS,301,    const tokenCheck = await params.verifyDeviceToken({
G2,line 2807 occurrence 1,2807,1,auth-context.ts:208 onward,src/gateway/server/ws-connection/auth-context.ts,208,-1,deviceId,line=230,token,PASS,230,  if (params.hasDeviceIdentity && params.deviceId && params.publicKey && bootstrapTokenCandidate) {
G2,line 2812 occurrence 1,2812,1,auth-context.ts:208 onward,src/gateway/server/ws-connection/auth-context.ts,208,-1,scopes,line=259,token,PASS,259,"        scopes: params.scopes,"
G2,line 2817 occurrence 1,2817,1,auth-context.ts:208 onward,src/gateway/server/ws-connection/auth-context.ts,208,-1,scopes,line=259,token,PASS,259,"        scopes: params.scopes,"
G2,line 2822 occurrence 1,2822,1,auth-context.ts:208 onward,src/gateway/server/ws-connection/auth-context.ts,208,-1,scopes,line=259,token,PASS,259,"        scopes: params.scopes,"
G2,line 2827 occurrence 1,2827,1,auth-context.ts:208 onward,src/gateway/server/ws-connection/auth-context.ts,208,-1,auth,line=211,token,PASS,211,  let authResult = params.state.authResult;
G2,line 2832 occurrence 1,2832,1,auth-context.ts:208 onward,src/gateway/server/ws-connection/auth-context.ts,208,-1,device,line=214,token,PASS,214,  let deviceTokenSharedGatewaySessionGeneration: string | undefined;
G2,line 2837 occurrence 1,2837,1,auth-context.ts:208 onward,src/gateway/server/ws-connection/auth-context.ts,208,-1,device,line=214,token,PASS,214,  let deviceTokenSharedGatewaySessionGeneration: string | undefined;
G2,line 2868 occurrence 1,2868,1,src/gateway/server/ws-connection/auth-context.ts:208 onward,src/gateway/server/ws-connection/auth-context.ts,208,-1,authResult,line=211,token,PASS,211,  let authResult = params.state.authResult;
G2,line 2928 occurrence 1,2928,1,src/gateway/server/ws-connection/message-handler.ts:1215 onward,src/gateway/server/ws-connection/message-handler.ts,1215,-1,authResult,line=1217,token,PASS,1217,"            authResult,"
G2,line 2933 occurrence 1,2933,1,message-handler.ts:1215 onward,src/gateway/server/ws-connection/message-handler.ts,1215,-1,unauthorized,line=2367,token,PASS,2367,        const unauthorizedRoleError = isUnauthorizedRoleError(error);
G2,line 2938 occurrence 1,2938,1,message-handler.ts:1215 onward,src/gateway/server/ws-connection/message-handler.ts,1215,-1,unauthorized,line=2367,token,PASS,2367,        const unauthorizedRoleError = isUnauthorizedRoleError(error);
G2,line 2943 occurrence 1,2943,1,message-handler.ts:1215 onward,src/gateway/server/ws-connection/message-handler.ts,1215,-1,auth_validated,line=1285,token,PASS,1285,"        advanceHandshakePhase(""auth_validated"");"
G2,line 2948 occurrence 1,2948,1,message-handler.ts:1215 onward,src/gateway/server/ws-connection/message-handler.ts,1215,-1,auth_validated,line=1285,token,PASS,1285,"        advanceHandshakePhase(""auth_validated"");"
G2,line 2968 occurrence 1,2968,1,src/gateway/server/ws-connection/message-handler.ts:1286 onward,src/gateway/server/ws-connection/message-handler.ts,1286,-1,generation,line=1766,token,PASS,1766,"                generation: sessionSharedGatewaySessionGeneration,"
G2,line 2973 occurrence 1,2973,1,message-handler.ts:1286 onward,src/gateway/server/ws-connection/message-handler.ts,1286,-1,connection,line=1549,token,PASS,1549,            // Re-resolve: another connection may have superseded/approved the request since we created it
G2,line 2978 occurrence 1,2978,1,message-handler.ts:1286 onward,src/gateway/server/ws-connection/message-handler.ts,1286,-1,connection,line=1549,token,PASS,1549,            // Re-resolve: another connection may have superseded/approved the request since we created it
G2,line 2998 occurrence 1,2998,1,src/gateway/server/ws-connection/message-handler.ts:1335--1757,src/gateway/server/ws-connection/message-handler.ts,1335,1757,getPairedDevice,line=1368,token,PASS,1368,"            existingPairedDevice: Awaited<ReturnType<typeof getPairedDevice>> | null = null,"
G2,line 3003 occurrence 1,3003,1,message-handler.ts:1335--1757,src/gateway/server/ws-connection/message-handler.ts,1335,1757,getPairedDevice,line=1368,token,PASS,1368,"            existingPairedDevice: Awaited<ReturnType<typeof getPairedDevice>> | null = null,"
G2,line 3008 occurrence 1,3008,1,message-handler.ts:1335--1757,src/gateway/server/ws-connection/message-handler.ts,1335,1757,connection,line=1549,token,PASS,1549,            // Re-resolve: another connection may have superseded/approved the request since we created it
G2,line 3013 occurrence 1,3013,1,message-handler.ts:1335--1757,src/gateway/server/ws-connection/message-handler.ts,1335,1757,requested,line=1347,token,PASS,1347,              `security audit: device access upgrade requested reason=${reason} device=${device.id} ip=${reportedClientI...
G2,line 3018 occurrence 1,3018,1,message-handler.ts:1335--1757,src/gateway/server/ws-connection/message-handler.ts,1335,1757,requested,line=1347,token,PASS,1347,              `security audit: device access upgrade requested reason=${reason} device=${device.id} ip=${reportedClientI...
G2,line 3048 occurrence 1,3048,1,src/gateway/server/ws-connection/message-handler.ts:1759--1813,src/gateway/server/ws-connection/message-handler.ts,1759,1813,ensureDeviceToken,line=1771,token,PASS,1771,            ? await ensureDeviceToken({
G2,line 3053 occurrence 1,3053,1,message-handler.ts:1759--1813,src/gateway/server/ws-connection/message-handler.ts,1759,1813,ensureDeviceToken,line=1771,token,PASS,1771,            ? await ensureDeviceToken({
G2,line 3058 occurrence 1,3058,1,message-handler.ts:1759--1813,src/gateway/server/ws-connection/message-handler.ts,1759,1813,ensureDeviceToken,line=1771,token,PASS,1771,            ? await ensureDeviceToken({
G2,line 3063 occurrence 1,3063,1,message-handler.ts:1759--1813,src/gateway/server/ws-connection/message-handler.ts,1759,1813,deviceId,line=1772,token,PASS,1772,"                deviceId: device.id,"
G2,line 3068 occurrence 1,3068,1,message-handler.ts:1759--1813,src/gateway/server/ws-connection/message-handler.ts,1759,1813,scopes,line=1774,token,PASS,1774,"                scopes,"
G2,line 3073 occurrence 1,3073,1,message-handler.ts:1759--1813,src/gateway/server/ws-connection/message-handler.ts,1759,1813,scopes,line=1774,token,PASS,1774,"                scopes,"
G2,line 3088 occurrence 1,3088,1,src/gateway/server/ws-connection/message-handler.ts:2056--2065,src/gateway/server/ws-connection/message-handler.ts,2056,2065,connect,line=2058,token,PASS,2058,"          setCloseCause(""connect-aborted-before-register"", {"
G2,line 3093 occurrence 1,3093,1,message-handler.ts:2056--2065,src/gateway/server/ws-connection/message-handler.ts,2056,2065,authMethod,line=2060,token,PASS,2060,"            auth: authMethod,"
G2,line 3098 occurrence 1,3098,1,message-handler.ts:2056--2065,src/gateway/server/ws-connection/message-handler.ts,2056,2065,authMethod,line=2060,token,PASS,2060,"            auth: authMethod,"
G2,line 3103 occurrence 1,3103,1,message-handler.ts:2056--2065,src/gateway/server/ws-connection/message-handler.ts,2056,2065,authMethod,line=2060,token,PASS,2060,"            auth: authMethod,"
G2,line 3108 occurrence 1,3108,1,message-handler.ts:2056--2065,src/gateway/server/ws-connection/message-handler.ts,2056,2065,setClient,line=2056,token,PASS,2056,        if (!setClient(nextClient)) {
G2,line 3113 occurrence 1,3113,1,message-handler.ts:2056--2065,src/gateway/server/ws-connection/message-handler.ts,2056,2065,setClient,line=2056,token,PASS,2056,        if (!setClient(nextClient)) {
G2,line 3118 occurrence 1,3118,1,message-handler.ts:2056--2065,src/gateway/server/ws-connection/message-handler.ts,2056,2065,setClient,line=2056,token,PASS,2056,        if (!setClient(nextClient)) {
G2,line 3138 occurrence 1,3138,1,src/gateway/server/ws-connection/message-handler.ts:2169--2204,src/gateway/server/ws-connection/message-handler.ts,2169,2204,gateway,line=2179,token,PASS,2179,"            methods: gatewayMethods,"
G2,line 3143 occurrence 1,3143,1,message-handler.ts:2169--2204,src/gateway/server/ws-connection/message-handler.ts,2169,2204,deviceToken,line=2169,token,PASS,2169,        const helloOkAuthScopes = deviceToken ? deviceToken.scopes : scopes;
G2,line 3148 occurrence 1,3148,1,message-handler.ts:2169--2204,src/gateway/server/ws-connection/message-handler.ts,2169,2204,deviceToken,line=2169,token,PASS,2169,        const helloOkAuthScopes = deviceToken ? deviceToken.scopes : scopes;
G2,line 3173 occurrence 1,3173,1,src/gateway/server/ws-connection/message-handler.ts:2237--2273,src/gateway/server/ws-connection/message-handler.ts,2237,2273,sendFrame,line=2238,token,PASS,2238,"          await sendFrame({ type: ""res"", id: frame.id, ok: true, payload: helloOk });"
G2,line 3178 occurrence 1,3178,1,message-handler.ts:2237--2273,src/gateway/server/ws-connection/message-handler.ts,2237,2273,sendFrame,line=2238,token,PASS,2238,"          await sendFrame({ type: ""res"", id: frame.id, ok: true, payload: helloOk });"
G2,line 3183 occurrence 1,3183,1,message-handler.ts:2237--2273,src/gateway/server/ws-connection/message-handler.ts,2237,2273,gateway,line=2255,token,PASS,2255,"          action: ""gateway.auth.succeeded"","
G2,line 3319 occurrence 1,3319,1,src/gateway/server/ws-connection/message-handler.ts:1038--1136,src/gateway/server/ws-connection/message-handler.ts,1038,1136,identity,line=1111,token,PASS,1111,"              ""control ui requires device identity (use HTTPS or localhost secure context)"";"
G2,line 3322 occurrence 1,3322,1,src/gateway/server/ws-connection/message-handler.ts:1137--1213,src/gateway/server/ws-connection/message-handler.ts,1137,1213,signature,line=1145,token,PASS,1145,"              authProvided: ""device-signature"","
G2,line 3325 occurrence 1,3325,1,src/gateway/server/ws-connection/message-handler.ts:1215 onward,src/gateway/server/ws-connection/message-handler.ts,1215,-1,resolveConnectAuthDecision,line=1215,token,PASS,1215,        const authDecision = await resolveConnectAuthDecision({
G2,line 3328 occurrence 1,3328,1,src/gateway/server/ws-connection/auth-context.ts:188 onward,src/gateway/server/ws-connection/auth-context.ts,188,-1,resolveConnectAuthDecision,line=188,token,PASS,188,export async function resolveConnectAuthDecision(
G2,line 3331 occurrence 1,3331,1,src/gateway/server/ws-connection/message-handler.ts:1335--1757,src/gateway/server/ws-connection/message-handler.ts,1335,1757,connection,line=1549,token,PASS,1549,            // Re-resolve: another connection may have superseded/approved the request since we created it
G2,line 3334 occurrence 1,3334,1,src/gateway/server/ws-connection/message-handler.ts:1759--1813,src/gateway/server/ws-connection/message-handler.ts,1759,1813,gateway,line=1765,token,PASS,1765,"                kind: ""shared-gateway-auth"" as const,"
G2,line 3337 occurrence 1,3337,1,src/gateway/server/ws-connection/message-handler.ts:2056--2273,src/gateway/server/ws-connection/message-handler.ts,2056,2273,gateway,line=2179,token,PASS,2179,"            methods: gatewayMethods,"
G2,line 3432 occurrence 1,3432,1,message-handler.ts:1038--1136,src/gateway/server/ws-connection/message-handler.ts,1038,1136,evaluateMissingDeviceIdentity,line=1076,token,PASS,1076,          const decision = evaluateMissingDeviceIdentity({
G2,line 3445 occurrence 1,3445,1,message-handler.ts:1137--1213,src/gateway/server/ws-connection/message-handler.ts,1137,1213,signature,line=1145,token,PASS,1145,"              authProvided: ""device-signature"","
G2,line 3455 occurrence 1,3455,1,message-handler.ts:1215 onward,src/gateway/server/ws-connection/message-handler.ts,1215,-1,resolveConnectAuthDecision,line=1215,token,PASS,1215,        const authDecision = await resolveConnectAuthDecision({
G2,line 3456 occurrence 1,3456,1,auth-context.ts:188 onward,src/gateway/server/ws-connection/auth-context.ts,188,-1,resolveConnectAuthDecision,line=188,token,PASS,188,export async function resolveConnectAuthDecision(
G2,line 3542 occurrence 1,3542,1,message-handler.ts:1335--1757,src/gateway/server/ws-connection/message-handler.ts,1335,1757,connection,line=1549,token,PASS,1549,            // Re-resolve: another connection may have superseded/approved the request since we created it
G2,line 3555 occurrence 1,3555,1,message-handler.ts:1759--1813,src/gateway/server/ws-connection/message-handler.ts,1759,1813,ensureDeviceToken,line=1771,token,PASS,1771,            ? await ensureDeviceToken({
G2,line 3562 occurrence 1,3562,1,message-handler.ts:2056--2065,src/gateway/server/ws-connection/message-handler.ts,2056,2065,setClient,line=2056,token,PASS,2056,        if (!setClient(nextClient)) {
G2,line 3574 occurrence 1,3574,1,message-handler.ts:2169--2204,src/gateway/server/ws-connection/message-handler.ts,2169,2204,capabilities,line=2181,token,PASS,2181,"            capabilities: [GATEWAY_SERVER_CAPS.CHAT_SEND_ROUTING_CONTRACT],"
G3,line 3681 occurrence 1,3681,1,src/gateway/server-methods.ts:734--738,src/gateway/server-methods.ts,734,738,authorizeGatewayMethod,line=734,token,PASS,734,"  const authError = authorizeGatewayMethod(req.method, client, req.params, methodRegistry);"
G3,line 3693 occurrence 1,3693,1,src/gateway/server-methods.ts:734,src/gateway/server-methods.ts,734,734,authorizeGatewayMethod,line=734,token,PASS,734,"  const authError = authorizeGatewayMethod(req.method, client, req.params, methodRegistry);"
G3,line 3698 occurrence 1,3698,1,src/gateway/server-methods.ts:735--738,src/gateway/server-methods.ts,735,738,respond,line=736,token,PASS,736,"    respond(false, undefined, authError);"
G3,line 3703 occurrence 1,3703,1,src/gateway/server-methods.ts:736,src/gateway/server-methods.ts,736,736,respond,line=736,token,PASS,736,"    respond(false, undefined, authError);"
G3,line 3708 occurrence 1,3708,1,src/gateway/server-methods.ts:735--738,src/gateway/server-methods.ts,735,738,respond,line=736,token,PASS,736,"    respond(false, undefined, authError);"
G3,line 3717 occurrence 1,3717,1,src/gateway/server-methods.ts:262--299,src/gateway/server-methods.ts,262,299,authorizeGatewayMethod,line=262,token,PASS,262,function authorizeGatewayMethod(
G3,line 3729 occurrence 1,3729,1,src/gateway/server-methods.ts:262--267,src/gateway/server-methods.ts,262,267,method,line=263,token,PASS,263,"  method: string,"
G3,line 3738 occurrence 1,3738,1,src/gateway/server-methods.ts:270--272,src/gateway/server-methods.ts,270,272,connect,line=270,token,PASS,270,  if (!client?.connect) {
G3,line 3743 occurrence 1,3743,1,src/gateway/server-methods.ts:271,src/gateway/server-methods.ts,271,271,null,line=271,function-range-line-not-pinned,PASS,271,    return null;
G3,line 3752 occurrence 1,3752,1,src/gateway/server-methods.ts:273--275,src/gateway/server-methods.ts,273,275,method,line=273,token,PASS,273,"  if (method === ""health"") {"
G3,line 3757 occurrence 1,3757,1,src/gateway/server-methods.ts:274,src/gateway/server-methods.ts,274,274,null,line=274,function-range-line-not-pinned,PASS,274,    return null;
G3,line 3768 occurrence 1,3768,1,src/gateway/server-methods.ts:276,src/gateway/server-methods.ts,276,276,operator,line=276,token,PASS,276,"  const roleRaw = client.connect.role ?? ""operator"";"
G3,line 3774 occurrence 1,3774,1,src/gateway/server-methods.ts:277,src/gateway/server-methods.ts,277,277,parseGatewayRole,line=277,token,PASS,277,  const role = parseGatewayRole(roleRaw);
G3,line 3779 occurrence 1,3779,1,src/gateway/server-methods.ts:278--280,src/gateway/server-methods.ts,278,280,role,line=278,token,PASS,278,  if (!role) {
G3,line 3787 occurrence 1,3787,1,src/gateway/server-methods.ts:279,src/gateway/server-methods.ts,279,279,unauthorized,line=279,token,PASS,279,"    return errorShape(ErrorCodes.INVALID_REQUEST, `unauthorized role: ${roleRaw}`);"
G3,line 3798 occurrence 1,3798,1,src/gateway/server-methods.ts:281,src/gateway/server-methods.ts,281,281,connect,line=281,token,PASS,281,  const scopes = client.connect.scopes ?? [];
G3,line 3812 occurrence 1,3812,1,src/gateway/server-methods.ts:282--284,src/gateway/server-methods.ts,282,284,isRoleAuthorizedForMethod,line=282,token,PASS,282,"  if (!isRoleAuthorizedForMethod(role, method)) {"
G3,line 3820 occurrence 1,3820,1,src/gateway/server-methods.ts:283,src/gateway/server-methods.ts,283,283,unauthorized,line=283,token,PASS,283,"    return errorShape(ErrorCodes.INVALID_REQUEST, `unauthorized role: ${role}`);"
G3,line 3829 occurrence 1,3829,1,src/gateway/role-policy.ts:24--29,src/gateway/role-policy.ts,24,29,operator,line=28,token,PASS,28,"  return role === ""operator"";"
G3,line 3838 occurrence 1,3838,1,src/gateway/server-methods.ts:285--287,src/gateway/server-methods.ts,285,287,role,line=285,token,PASS,285,"  if (role === ""node"") {"
G3,line 3843 occurrence 1,3843,1,src/gateway/server-methods.ts:286,src/gateway/server-methods.ts,286,286,null,line=286,function-range-line-not-pinned,PASS,286,    return null;
G3,line 3857 occurrence 1,3857,1,src/gateway/server-methods.ts:288--290,src/gateway/server-methods.ts,288,290,scopes,line=288,token,PASS,288,  if (scopes.includes(ADMIN_SCOPE)) {
G3,line 3859 occurrence 1,3859,1,src/gateway/operator-scopes.ts:3,src/gateway/operator-scopes.ts,3,3,operator,line=3,token,PASS,3,"export const ADMIN_SCOPE = ""operator.admin"" as const;"
G3,line 3864 occurrence 1,3864,1,src/gateway/server-methods.ts:288--290,src/gateway/server-methods.ts,288,290,scopes,line=288,token,PASS,288,  if (scopes.includes(ADMIN_SCOPE)) {
G3,line 3869 occurrence 1,3869,1,src/gateway/server-methods.ts:289,src/gateway/server-methods.ts,289,289,null,line=289,function-range-line-not-pinned,PASS,289,    return null;
G3,line 3881 occurrence 1,3881,1,src/gateway/server-methods.ts:291,src/gateway/server-methods.ts,291,291,getScope,line=291,token,PASS,291,  const registeredScope = methodRegistry.getScope(method);
G3,line 3889 occurrence 1,3889,1,src/gateway/methods/core-descriptors.ts:231,src/gateway/methods/core-descriptors.ts,231,231,operator,line=231,token,PASS,231,"  { name: ""chat.send"", scope: ""operator.write"" },"
G3,line 3900 occurrence 1,3900,1,src/gateway/server-methods.ts:292--294,src/gateway/server-methods.ts,292,294,isOperatorScope,line=292,token,PASS,292,  const scopeAuth = isOperatorScope(registeredScope)
G3,line 3915 occurrence 1,3915,1,src/gateway/server-methods.ts:292--293,src/gateway/server-methods.ts,292,293,authorizeOperatorScopesForRequiredScope,line=293,token,PASS,293,"    ? authorizeOperatorScopesForRequiredScope(registeredScope, scopes)"
G3,line 3920 occurrence 1,3920,1,src/gateway/server-methods.ts:292--294,src/gateway/server-methods.ts,292,294,scopes,line=293,token,PASS,293,"    ? authorizeOperatorScopesForRequiredScope(registeredScope, scopes)"
G3,line 3936 occurrence 1,3936,1,src/gateway/server-methods.ts:292--294,src/gateway/server-methods.ts,292,294,authorizeOperatorScopesForMethod,line=294,token,PASS,294,"    : authorizeOperatorScopesForMethod(method, scopes, params);"
G3,line 3945 occurrence 1,3945,1,src/gateway/server-methods.ts:295--297,src/gateway/server-methods.ts,295,297,allowed,line=295,token,PASS,295,  if (!scopeAuth.allowed) {
G3,line 3953 occurrence 1,3953,1,src/gateway/server-methods.ts:296,src/gateway/server-methods.ts,296,296,missing,line=296,token,PASS,296,"    return errorShape(ErrorCodes.INVALID_REQUEST, `missing scope: ${scopeAuth.missingScope}`);"
G3,line 3962 occurrence 1,3962,1,src/gateway/server-methods.ts:298,src/gateway/server-methods.ts,298,298,null,line=298,function-range-line-not-pinned,PASS,298,  return null;
G3,line 3982 occurrence 1,3982,1,src/gateway/methods/core-descriptors.ts:231,src/gateway/methods/core-descriptors.ts,231,231,operator,line=231,token,PASS,231,"  { name: ""chat.send"", scope: ""operator.write"" },"
G3,line 3984 occurrence 1,3984,1,src/gateway/method-scopes.ts:257--274,src/gateway/method-scopes.ts,257,274,scopes,line=259,token,PASS,259,"  scopes: readonly string[],"
G3,line 3986 occurrence 1,3986,1,src/gateway/method-scopes.ts:270--271,src/gateway/method-scopes.ts,270,271,scopes,line=270,token,PASS,270,  if (scopes.includes(requiredScope)) {
G3,line 4168 occurrence 1,4168,1,src/gateway/server-methods.ts:262--299,src/gateway/server-methods.ts,262,299,gateway,line=269,token,PASS,269,  // authenticated connect metadata established by the gateway handshake.
G3,line 4171 occurrence 1,4171,1,src/gateway/server-methods.ts:734--738,src/gateway/server-methods.ts,734,738,authError,line=734,function-range-line-not-pinned,PASS,734,"  const authError = authorizeGatewayMethod(req.method, client, req.params, methodRegistry);"
G4,line 4380 occurrence 1,4380,1,src/gateway/server-methods/chat.ts:3699,src/gateway/server-methods/chat.ts,3699,3699,context,line=3699,token,PASS,3699,"  ""chat.send"": async ({ params, respond, context, client }) => {"
G4,line 4385 occurrence 1,4385,1,src/gateway/server-methods/chat.ts:3701,src/gateway/server-methods/chat.ts,3701,3701,connect,line=3701,token,PASS,3701,    const clientInfo = client?.connect?.client;
G4,line 4390 occurrence 1,4390,1,src/gateway/server-methods/chat.ts:3702,src/gateway/server-methods/chat.ts,3702,3702,resolveControlUiReconnectResumeParams,line=3702,token,PASS,3702,"    const controlUiReconnectResume = resolveControlUiReconnectResumeParams(params, clientInfo);"
G4,line 4395 occurrence 1,4395,1,src/gateway/server-methods/chat.ts:341--357,src/gateway/server-methods/chat.ts,341,357,resolveControlUiReconnectResumeParams,line=341,token,PASS,341,function resolveControlUiReconnectResumeParams(
G4,line 4400 occurrence 1,4400,1,src/gateway/server-methods/chat.ts:3703,src/gateway/server-methods/chat.ts,3703,3703,validateChatSendParams,line=3703,token,PASS,3703,    if (!validateChatSendParams(controlUiReconnectResume.params)) {
G4,line 4405 occurrence 1,4405,1,src/gateway/server-methods/chat.ts:3703--3713,src/gateway/server-methods/chat.ts,3703,3713,validateChatSendParams,line=3703,token,PASS,3703,    if (!validateChatSendParams(controlUiReconnectResume.params)) {
G4,line 4410 occurrence 1,4410,1,src/gateway/server-methods/chat.ts:3704--3712,src/gateway/server-methods/chat.ts,3704,3712,chat,line=3709,token,PASS,3709,"          `invalid chat.send params: ${formatValidationErrors(validateChatSendParams.errors)}`,"
G4,line 4415 occurrence 1,4415,1,src/gateway/server-methods/chat.ts:3714--3739,src/gateway/server-methods/chat.ts,3714,3739,suppressCommandInterpretation,line=3736,token,PASS,3736,      suppressCommandInterpretation?: boolean;
G4,line 4420 occurrence 1,4420,1,src/gateway/server-methods/chat.ts:3740,src/gateway/server-methods/chat.ts,3740,3740,suppressCommandInterpretation,line=3740,token,PASS,3740,    const suppressCommandInterpretation = p.suppressCommandInterpretation === true;
G4,line 4425 occurrence 1,4425,1,src/gateway/server-methods/chat.ts:3741--3749,src/gateway/server-methods/chat.ts,3741,3749,normalizeExplicitChatSendOrigin,line=3741,token,PASS,3741,    const explicitOriginResult = normalizeExplicitChatSendOrigin({
G4,line 4430 occurrence 1,4430,1,src/gateway/server-methods/chat.ts:3747--3749,src/gateway/server-methods/chat.ts,3747,3749,if,line=3747,token,PASS,3747,    if (!explicitOriginResult.ok) {
G4,line 4435 occurrence 1,4435,1,src/gateway/server-methods/chat.ts:3747--3749,src/gateway/server-methods/chat.ts,3747,3749,if,line=3747,token,PASS,3747,    if (!explicitOriginResult.ok) {
G4,line 4440 occurrence 1,4440,1,chat.ts:3741--3749,src/gateway/server-methods/chat.ts,3741,3749,or,line=3741,token,PASS,3741,    const explicitOriginResult = normalizeExplicitChatSendOrigin({
G4,line 4445 occurrence 1,4445,1,src/gateway/server-methods/chat.ts:3751--3755,src/gateway/server-methods/chat.ts,3751,3755,systemProvenanceReceipt,line=3753,token,PASS,3753,        p.systemProvenanceReceipt ||
G4,line 4450 occurrence 1,4450,1,src/gateway/server-methods/chat.ts:3751--3755,src/gateway/server-methods/chat.ts,3751,3755,systemProvenanceReceipt,line=3753,token,PASS,3753,        p.systemProvenanceReceipt ||
G4,line 4455 occurrence 1,4455,1,src/gateway/server-methods/chat.ts:3751--3755,src/gateway/server-methods/chat.ts,3751,3755,systemProvenanceReceipt,line=3753,token,PASS,3753,        p.systemProvenanceReceipt ||
G4,line 4460 occurrence 1,4460,1,src/gateway/server-methods/chat.ts:3751--3756,src/gateway/server-methods/chat.ts,3751,3756,hasGatewayAdminScope,line=3756,token,PASS,3756,      !hasGatewayAdminScope(client)
G4,line 4465 occurrence 1,4465,1,src/gateway/server-methods/chat.ts:3756,src/gateway/server-methods/chat.ts,3756,3756,hasGatewayAdminScope,line=3756,token,PASS,3756,      !hasGatewayAdminScope(client)
G4,line 4470 occurrence 1,4470,1,src/gateway/server-methods/chat.ts:3757--3769,src/gateway/server-methods/chat.ts,3757,3769,and,line=3763,token,PASS,3763,          p.systemInputProvenance || p.systemProvenanceReceipt || suppressCommandInterpretation
G4,line 4477 occurrence 1,4477,1,packages/gateway-protocol/src/schema/logs-chat.ts:79--103,packages/gateway-protocol/src/schema/logs-chat.ts,79,103,ChatSendParamsSchema,line=79,token,PASS,79,export const ChatSendParamsSchema = Type.Object(
G4,line 4482 occurrence 1,4482,1,packages/gateway-protocol/src/index.ts:1078,packages/gateway-protocol/src/index.ts,1078,1078,validateChatSendParams,line=1078,token,PASS,1078,export const validateChatSendParams = lazyCompile(ChatSendParamsSchema);
G4,line 4487 occurrence 1,4487,1,ui/src/pages/chat/chat-send.ts:266--276,ui/src/pages/chat/chat-send.ts,266,276,sessionKey,line=267,token,PASS,267,"    sessionKey: routing.sessionKey,"
G4,line 4492 occurrence 1,4492,1,ui/src/pages/chat/chat-send.ts:266--276,ui/src/pages/chat/chat-send.ts,266,276,sessionKey,line=267,token,PASS,267,"    sessionKey: routing.sessionKey,"
G4,line 4497 occurrence 1,4497,1,ui/src/pages/chat/chat-send.ts:266--276,ui/src/pages/chat/chat-send.ts,266,276,sessionKey,line=267,token,PASS,267,"    sessionKey: routing.sessionKey,"
G4,line 4502 occurrence 1,4502,1,ui/src/pages/chat/chat-send.ts:266--276,ui/src/pages/chat/chat-send.ts,266,276,sessionId,line=271,token,PASS,271,"    ...(routing.sessionId ? { sessionId: routing.sessionId } : {}),"
G4,line 4507 occurrence 1,4507,1,ui/src/pages/chat/chat-send.ts:266--276,ui/src/pages/chat/chat-send.ts,266,276,idempotencyKey,line=275,token,PASS,275,"    idempotencyKey: params.runId,"
G4,line 4512 occurrence 1,4512,1,ui/src/pages/chat/chat-send.ts:266--276,ui/src/pages/chat/chat-send.ts,266,276,idempotencyKey,line=275,token,PASS,275,"    idempotencyKey: params.runId,"
G4,line 4517 occurrence 1,4517,1,ui/src/pages/chat/chat-send.ts:266--276,ui/src/pages/chat/chat-send.ts,266,276,idempotencyKey,line=275,token,PASS,275,"    idempotencyKey: params.runId,"
G4,line 4539 occurrence 1,4539,1,chat.ts:3740,src/gateway/server-methods/chat.ts,3740,3740,suppressCommandInterpretation,line=3740,function-range-line-not-pinned,PASS,3740,    const suppressCommandInterpretation = p.suppressCommandInterpretation === true;
G4,line 4667 occurrence 1,4667,1,src/gateway/server-methods/chat.ts:3699--3769,src/gateway/server-methods/chat.ts,3699,3769,Reconnect,line=3702,token,PASS,3702,"    const controlUiReconnectResume = resolveControlUiReconnectResumeParams(params, clientInfo);"
G4,line 4670 occurrence 1,4670,1,src/gateway/server-methods/chat.ts:341--357,src/gateway/server-methods/chat.ts,341,357,Reconnect,line=341,token,PASS,341,function resolveControlUiReconnectResumeParams(
G4,line 4673 occurrence 1,4673,1,packages/gateway-protocol/src/schema/logs-chat.ts:79--103,packages/gateway-protocol/src/schema/logs-chat.ts,79,103,mm,line=98,token,PASS,98,"    suppressCommandInterpretation: Type.Optional(Type.Boolean()),"
G4,line 4676 occurrence 1,4676,1,packages/gateway-protocol/src/index.ts:1078,packages/gateway-protocol/src/index.ts,1078,1078,export,line=1078,function-range-line-not-pinned,PASS,1078,export const validateChatSendParams = lazyCompile(ChatSendParamsSchema);
G4,line 4679 occurrence 1,4679,1,ui/src/pages/chat/chat-send.ts:266--276,ui/src/pages/chat/chat-send.ts,266,276,request,line=266,token,PASS,266,"  const payload = await state.client!.request(""chat.send"", {"
G4,line 4756 occurrence 1,4756,1,chat.ts:3701--3702,src/gateway/server-methods/chat.ts,3701,3702,resolveControlUiReconnectResumeParams,line=3702,token,PASS,3702,"    const controlUiReconnectResume = resolveControlUiReconnectResumeParams(params, clientInfo);"
G4,line 4757 occurrence 1,4757,1,chat.ts:341--357,src/gateway/server-methods/chat.ts,341,357,resolveControlUiReconnectResumeParams,line=341,token,PASS,341,function resolveControlUiReconnectResumeParams(
G4,line 4762 occurrence 1,4762,1,chat.ts:3703--3713,src/gateway/server-methods/chat.ts,3703,3713,validateChatSendParams,line=3703,token,PASS,3703,    if (!validateChatSendParams(controlUiReconnectResume.params)) {
G4,line 4763 occurrence 1,4763,1,logs-chat.ts:79--103,packages/gateway-protocol/src/schema/logs-chat.ts,79,103,Schema,line=79,token,PASS,79,export const ChatSendParamsSchema = Type.Object(
G4,line 4767 occurrence 1,4767,1,chat.ts:3714--3739,src/gateway/server-methods/chat.ts,3714,3739,mm,line=3736,token,PASS,3736,      suppressCommandInterpretation?: boolean;
G4,line 4772 occurrence 1,4772,1,chat.ts:3740,src/gateway/server-methods/chat.ts,3740,3740,suppressCommandInterpretation,line=3740,token,PASS,3740,    const suppressCommandInterpretation = p.suppressCommandInterpretation === true;
G4,line 4777 occurrence 1,4777,1,chat.ts:3741--3749,src/gateway/server-methods/chat.ts,3741,3749,normalizeExplicitChatSendOrigin,line=3741,token,PASS,3741,    const explicitOriginResult = normalizeExplicitChatSendOrigin({
G4,line 4784 occurrence 1,4784,1,chat.ts:3751--3755,src/gateway/server-methods/chat.ts,3751,3755,systemProvenanceReceipt,line=3753,token,PASS,3753,        p.systemProvenanceReceipt ||
G4,line 4790 occurrence 1,4790,1,chat.ts:3751--3769,src/gateway/server-methods/chat.ts,3751,3769,systemProvenanceReceipt,line=3753,token,PASS,3753,        p.systemProvenanceReceipt ||
G5,line 4864 occurrence 1,4864,1,src/gateway/server-methods/chat.ts:3770,src/gateway/server-methods/chat.ts,3770,3770,sanitizeChatSendMessageInput,line=3770,token,PASS,3770,    const sanitizedMessageResult = sanitizeChatSendMessageInput(p.message);
G5,line 4869 occurrence 1,4869,1,src/gateway/chat-input-sanitize.ts:16--24,src/gateway/chat-input-sanitize.ts,16,24,sanitizeChatSendMessageInput,line=16,token,PASS,16,export function sanitizeChatSendMessageInput(
G5,line 4874 occurrence 1,4874,1,src/gateway/server-methods/chat.ts:3771--3778,src/gateway/server-methods/chat.ts,3771,3778,sanitized,line=3771,token,PASS,3771,    if (!sanitizedMessageResult.ok) {
G5,line 4879 occurrence 1,4879,1,src/gateway/server-methods/chat.ts:3772--3777,src/gateway/server-methods/chat.ts,3772,3777,sanitized,line=3775,token,PASS,3775,"        errorShape(ErrorCodes.INVALID_REQUEST, sanitizedMessageResult.error),"
G5,line 4884 occurrence 1,4884,1,src/gateway/server-methods/chat.ts:3779,src/gateway/server-methods/chat.ts,3779,3779,normalizeOptionalChatSystemReceipt,line=3779,token,PASS,3779,    const systemReceiptResult = normalizeOptionalChatSystemReceipt(p.systemProvenanceReceipt);
G5,line 4889 occurrence 1,4889,1,src/gateway/server-methods/chat.ts:3780--3783,src/gateway/server-methods/chat.ts,3780,3783,error,line=3781,token,PASS,3781,"      respond(false, undefined, errorShape(ErrorCodes.INVALID_REQUEST, systemReceiptResult.error));"
G5,line 4894 occurrence 1,4894,1,src/gateway/server-methods/chat.ts:3781--3783,src/gateway/server-methods/chat.ts,3781,3783,error,line=3781,token,PASS,3781,"      respond(false, undefined, errorShape(ErrorCodes.INVALID_REQUEST, systemReceiptResult.error));"
G5,line 4899 occurrence 1,4899,1,src/gateway/server-methods/chat.ts:3784,src/gateway/server-methods/chat.ts,3784,3784,sanitized,line=3784,token,PASS,3784,    const inboundMessage = sanitizedMessageResult.message;
G5,line 4904 occurrence 1,4904,1,src/gateway/server-methods/chat.ts:3785,src/gateway/server-methods/chat.ts,3785,3785,normalizeInputProvenance,line=3785,token,PASS,3785,    const systemInputProvenance = normalizeInputProvenance(p.systemInputProvenance);
G5,line 4909 occurrence 1,4909,1,src/gateway/server-methods/chat.ts:3786,src/gateway/server-methods/chat.ts,3786,3786,receipt,line=3786,token,PASS,3786,    const systemProvenanceReceipt = systemReceiptResult.receipt;
G5,line 4914 occurrence 1,4914,1,src/gateway/server-methods/chat.ts:3787,src/gateway/server-methods/chat.ts,3787,3787,isChatStopCommandText,line=3787,token,PASS,3787,    const stopCommand = !suppressCommandInterpretation && isChatStopCommandText(inboundMessage);
G5,line 4919 occurrence 1,4919,1,src/gateway/server-methods/chat.ts:3788--3789,src/gateway/server-methods/chat.ts,3788,3789,isBtwRequestText,line=3789,token,PASS,3789,"      !suppressCommandInterpretation && isBtwRequestText(inboundMessage) ? ""btw"" : ""main"";"
G5,line 4924 occurrence 1,4924,1,src/gateway/server-methods/chat.ts:3790,src/gateway/server-methods/chat.ts,3790,3790,normalizedAttachments,line=3790,function-range-line-not-pinned,PASS,3790,    const normalizedAttachments = normalizeRpcAttachmentsToChatAttachments(p.attachments);
G5,line 4929 occurrence 1,4929,1,src/gateway/server-methods/chat.ts:3791,src/gateway/server-methods/chat.ts,3791,3791,rawMessage,line=3791,function-range-line-not-pinned,PASS,3791,    const rawMessage = inboundMessage.trim();
G5,line 4934 occurrence 1,4934,1,src/gateway/server-methods/chat.ts:3792--3799,src/gateway/server-methods/chat.ts,3792,3799,attachment,line=3796,token,PASS,3796,"        errorShape(ErrorCodes.INVALID_REQUEST, ""message or attachment required""),"
G5,line 4939 occurrence 1,4939,1,src/gateway/server-methods/chat.ts:3793--3798,src/gateway/server-methods/chat.ts,3793,3798,attachment,line=3796,token,PASS,3796,"        errorShape(ErrorCodes.INVALID_REQUEST, ""message or attachment required""),"
G5,line 4944 occurrence 1,4944,1,src/gateway/server-methods/chat.ts:3800,src/gateway/server-methods/chat.ts,3800,3800,sessionKey,line=3800,token,PASS,3800,    const rawSessionKey = p.sessionKey;
G5,line 4949 occurrence 1,4949,1,src/gateway/server-methods/chat.ts:3801,src/gateway/server-methods/chat.ts,3801,3801,normalizeOptionalText,line=3801,token,PASS,3801,    const agentIdOverride = normalizeOptionalText(p.agentId);
G5,line 4954 occurrence 1,4954,1,src/gateway/server-methods/chat.ts:3802,src/gateway/server-methods/chat.ts,3802,3802,idempotencyKey,line=3802,token,PASS,3802,    const clientRunId = p.idempotencyKey;
G5,line 4959 occurrence 1,4959,1,src/gateway/server-methods/chat.ts:3803,src/gateway/server-methods/chat.ts,3803,3803,pendingChatSendDedupeKey,line=3803,token,PASS,3803,    const pendingChatSendKey = pendingChatSendDedupeKey(clientRunId);
G5,line 4966 occurrence 1,4966,1,chat.ts:3784,src/gateway/server-methods/chat.ts,3784,3784,inboundMessage,line=3784,function-range-line-not-pinned,PASS,3784,    const inboundMessage = sanitizedMessageResult.message;
G5,line 4981 occurrence 1,4981,1,chat.ts:3787,src/gateway/server-methods/chat.ts,3787,3787,stopCommand,line=3787,function-range-line-not-pinned,PASS,3787,    const stopCommand = !suppressCommandInterpretation && isChatStopCommandText(inboundMessage);
G5,line 4986 occurrence 1,4986,1,chat.ts:3788--3789,src/gateway/server-methods/chat.ts,3788,3789,main,line=3789,token,PASS,3789,"      !suppressCommandInterpretation && isBtwRequestText(inboundMessage) ? ""btw"" : ""main"";"
G5,line 4991 occurrence 1,4991,1,chat.ts:3790,src/gateway/server-methods/chat.ts,3790,3790,normalizedAttachments,line=3790,function-range-line-not-pinned,PASS,3790,    const normalizedAttachments = normalizeRpcAttachmentsToChatAttachments(p.attachments);
G5,line 4996 occurrence 1,4996,1,chat.ts:3800,src/gateway/server-methods/chat.ts,3800,3800,rawSessionKey,line=3800,function-range-line-not-pinned,PASS,3800,    const rawSessionKey = p.sessionKey;
G5,line 5001 occurrence 1,5001,1,chat.ts:3802,src/gateway/server-methods/chat.ts,3802,3802,clientRunId,line=3802,function-range-line-not-pinned,PASS,3802,    const clientRunId = p.idempotencyKey;
G5,line 5143 occurrence 1,5143,1,src/gateway/server-methods/chat.ts:3770--3803,src/gateway/server-methods/chat.ts,3770,3803,sanitize,line=3770,token,PASS,3770,    const sanitizedMessageResult = sanitizeChatSendMessageInput(p.message);
G5,line 5146 occurrence 1,5146,1,src/gateway/chat-input-sanitize.ts:16--24,src/gateway/chat-input-sanitize.ts,16,24,function,line=16,token,PASS,16,export function sanitizeChatSendMessageInput(
G5,line 5233 occurrence 1,5233,1,chat.ts:3770--3778,src/gateway/server-methods/chat.ts,3770,3778,sanitizeChatSendMessageInput,line=3770,token,PASS,3770,    const sanitizedMessageResult = sanitizeChatSendMessageInput(p.message);
G5,line 5234 occurrence 1,5234,1,chat-input-sanitize.ts:16--24,src/gateway/chat-input-sanitize.ts,16,24,sanitizeChatSendMessageInput,line=16,token,PASS,16,export function sanitizeChatSendMessageInput(
G5,line 5243 occurrence 1,5243,1,chat.ts:3779--3783,src/gateway/server-methods/chat.ts,3779,3783,normalizeOptionalChatSystemReceipt,line=3779,token,PASS,3779,    const systemReceiptResult = normalizeOptionalChatSystemReceipt(p.systemProvenanceReceipt);
G5,line 5250 occurrence 1,5250,1,chat.ts:3784--3786,src/gateway/server-methods/chat.ts,3784,3786,normalizeInputProvenance,line=3785,token,PASS,3785,    const systemInputProvenance = normalizeInputProvenance(p.systemInputProvenance);
G5,line 5259 occurrence 1,5259,1,chat.ts:3787--3789,src/gateway/server-methods/chat.ts,3787,3789,isChatStopCommandText,line=3787,token,PASS,3787,    const stopCommand = !suppressCommandInterpretation && isChatStopCommandText(inboundMessage);
G5,line 5267 occurrence 1,5267,1,chat.ts:3790,src/gateway/server-methods/chat.ts,3790,3790,normalizedAttachments,line=3790,function-range-line-not-pinned,PASS,3790,    const normalizedAttachments = normalizeRpcAttachmentsToChatAttachments(p.attachments);
G5,line 5276 occurrence 1,5276,1,chat.ts:3791--3799,src/gateway/server-methods/chat.ts,3791,3799,attachment,line=3796,token,PASS,3796,"        errorShape(ErrorCodes.INVALID_REQUEST, ""message or attachment required""),"
G5,line 5285 occurrence 1,5285,1,chat.ts:3800--3802,src/gateway/server-methods/chat.ts,3800,3802,normalizeOptionalText,line=3801,token,PASS,3801,    const agentIdOverride = normalizeOptionalText(p.agentId);
G5,line 5290 occurrence 1,5290,1,chat.ts:3803,src/gateway/server-methods/chat.ts,3803,3803,pendingChatSendDedupeKey,line=3803,token,PASS,3803,    const pendingChatSendKey = pendingChatSendDedupeKey(clientRunId);
G6,line 5356 occurrence 1,5356,1,src/gateway/server-methods/chat.ts:3804--3808,src/gateway/server-methods/chat.ts,3804,3808,resolveRequestedChatAgentId,line=3804,token,PASS,3804,    const requestedAgentId = resolveRequestedChatAgentId({
G6,line 5361 occurrence 1,5361,1,src/gateway/server-methods/chat.ts:725--745,src/gateway/server-methods/chat.ts,725,745,resolveRequestedChatAgentId,line=725,token,PASS,725,function resolveRequestedChatAgentId(params: {
G6,line 5366 occurrence 1,5366,1,src/gateway/server-methods/chat.ts:730,src/gateway/server-methods/chat.ts,730,730,normalizeOptionalText,line=730,token,PASS,730,  const explicitAgentId = normalizeOptionalText(params.agentId);
G6,line 5371 occurrence 1,5371,1,src/gateway/server-methods/chat.ts:731--733,src/gateway/server-methods/chat.ts,731,733,normalizeAgentId,line=732,token,PASS,732,    return normalizeAgentId(explicitAgentId);
G6,line 5376 occurrence 1,5376,1,src/gateway/server-methods/chat.ts:732,src/gateway/server-methods/chat.ts,732,732,normalizeAgentId,line=732,token,PASS,732,    return normalizeAgentId(explicitAgentId);
G6,line 5381 occurrence 1,5381,1,src/gateway/server-methods/chat.ts:734--736,src/gateway/server-methods/chat.ts,734,736,if,line=734,token,PASS,734,  if (!params.cfg) {
G6,line 5386 occurrence 1,5386,1,src/gateway/server-methods/chat.ts:734--736,src/gateway/server-methods/chat.ts,734,736,if,line=734,token,PASS,734,  if (!params.cfg) {
G6,line 5391 occurrence 1,5391,1,src/gateway/server-methods/chat.ts:737,src/gateway/server-methods/chat.ts,737,737,parseAgentSessionKey,line=737,token,PASS,737,  const parsed = parseAgentSessionKey(params.requestedSessionKey.trim());
G6,line 5396 occurrence 1,5396,1,src/gateway/server-methods/chat.ts:738--742,src/gateway/server-methods/chat.ts,738,742,requestedSessionKey,line=740,token,PASS,740,"    resolveSessionStoreKey({ cfg: params.cfg, sessionKey: params.requestedSessionKey }) !== ""global"""
G6,line 5401 occurrence 1,5401,1,src/gateway/server-methods/chat.ts:738--742,src/gateway/server-methods/chat.ts,738,742,resolveSessionStoreKey,line=740,token,PASS,740,"    resolveSessionStoreKey({ cfg: params.cfg, sessionKey: params.requestedSessionKey }) !== ""global"""
G6,line 5406 occurrence 1,5406,1,src/gateway/server-methods/chat.ts:739--741,src/gateway/server-methods/chat.ts,739,741,resolveSessionStoreKey,line=740,token,PASS,740,"    resolveSessionStoreKey({ cfg: params.cfg, sessionKey: params.requestedSessionKey }) !== ""global"""
G6,line 5411 occurrence 1,5411,1,src/gateway/server-methods/chat.ts:739--741,src/gateway/server-methods/chat.ts,739,741,resolveSessionStoreKey,line=740,token,PASS,740,"    resolveSessionStoreKey({ cfg: params.cfg, sessionKey: params.requestedSessionKey }) !== ""global"""
G6,line 5416 occurrence 1,5416,1,src/gateway/server-methods/chat.ts:738--742,src/gateway/server-methods/chat.ts,738,742,requestedSessionKey,line=740,token,PASS,740,"    resolveSessionStoreKey({ cfg: params.cfg, sessionKey: params.requestedSessionKey }) !== ""global"""
G6,line 5421 occurrence 1,5421,1,src/gateway/server-methods/chat.ts:738--742,src/gateway/server-methods/chat.ts,738,742,agentId,line=739,token,PASS,739,    !parsed?.agentId ||
G6,line 5426 occurrence 1,5426,1,src/gateway/server-methods/chat.ts:744,src/gateway/server-methods/chat.ts,744,744,normalizeAgentId,line=744,token,PASS,744,  return normalizeAgentId(parsed.agentId);
G6,line 5431 occurrence 1,5431,1,src/gateway/server-methods/chat.ts:3809,src/gateway/server-methods/chat.ts,3809,3809,agentId,line=3809,token,PASS,3809,    const sessionLoadOptions = requestedAgentId ? { agentId: requestedAgentId } : undefined;
G6,line 5436 occurrence 1,5436,1,src/gateway/server-methods/chat.ts:3809,src/gateway/server-methods/chat.ts,3809,3809,agentId,line=3809,token,PASS,3809,    const sessionLoadOptions = requestedAgentId ? { agentId: requestedAgentId } : undefined;
G6,line 5443 occurrence 1,5443,1,chat.ts:730--733,src/gateway/server-methods/chat.ts,730,733,agentId,line=730,token,PASS,730,  const explicitAgentId = normalizeOptionalText(params.agentId);
G6,line 5448 occurrence 1,5448,1,chat.ts:737,src/gateway/server-methods/chat.ts,737,737,parsed,line=737,token,PASS,737,  const parsed = parseAgentSessionKey(params.requestedSessionKey.trim());
G6,line 5453 occurrence 1,5453,1,chat.ts:737,src/gateway/server-methods/chat.ts,737,737,parsed,line=737,token,PASS,737,  const parsed = parseAgentSessionKey(params.requestedSessionKey.trim());
G6,line 5458 occurrence 1,5458,1,chat.ts:738--742,src/gateway/server-methods/chat.ts,738,742,parsed,line=739,token,PASS,739,    !parsed?.agentId ||
G6,line 5463 occurrence 1,5463,1,chat.ts:738--742,src/gateway/server-methods/chat.ts,738,742,global,line=740,token,PASS,740,"    resolveSessionStoreKey({ cfg: params.cfg, sessionKey: params.requestedSessionKey }) !== ""global"""
G6,line 5468 occurrence 1,5468,1,chat.ts:3809,src/gateway/server-methods/chat.ts,3809,3809,sessionLoadOptions,line=3809,function-range-line-not-pinned,PASS,3809,    const sessionLoadOptions = requestedAgentId ? { agentId: requestedAgentId } : undefined;
G6,line 5600 occurrence 1,5600,1,src/gateway/server-methods/chat.ts:725--745,src/gateway/server-methods/chat.ts,725,745,function,line=725,token,PASS,725,function resolveRequestedChatAgentId(params: {
G6,line 5603 occurrence 1,5603,1,src/gateway/server-methods/chat.ts:3804--3808,src/gateway/server-methods/chat.ts,3804,3808,Session,line=3806,token,PASS,3806,"      requestedSessionKey: rawSessionKey,"
G6,line 5606 occurrence 1,5606,1,src/gateway/server-methods/chat.ts:3809,src/gateway/server-methods/chat.ts,3809,3809,sessionLoadOptions,line=3809,function-range-line-not-pinned,PASS,3809,    const sessionLoadOptions = requestedAgentId ? { agentId: requestedAgentId } : undefined;
G6,line 5666 occurrence 1,5666,1,chat.ts:730,src/gateway/server-methods/chat.ts,730,730,normalizeOptionalText,line=730,token,PASS,730,  const explicitAgentId = normalizeOptionalText(params.agentId);
G6,line 5674 occurrence 1,5674,1,chat.ts:731--733,src/gateway/server-methods/chat.ts,731,733,normalizeAgentId,line=732,token,PASS,732,    return normalizeAgentId(explicitAgentId);
G6,line 5682 occurrence 1,5682,1,chat.ts:734--736,src/gateway/server-methods/chat.ts,734,736,if,line=734,token,PASS,734,  if (!params.cfg) {
G6,line 5690 occurrence 1,5690,1,chat.ts:737,src/gateway/server-methods/chat.ts,737,737,parseAgentSessionKey,line=737,token,PASS,737,  const parsed = parseAgentSessionKey(params.requestedSessionKey.trim());
G6,line 5700 occurrence 1,5700,1,chat.ts:738--741,src/gateway/server-methods/chat.ts,738,741,resolveSessionStoreKey,line=740,token,PASS,740,"    resolveSessionStoreKey({ cfg: params.cfg, sessionKey: params.requestedSessionKey }) !== ""global"""
G6,line 5710 occurrence 1,5710,1,chat.ts:738--742,src/gateway/server-methods/chat.ts,738,742,agentId,line=739,token,PASS,739,    !parsed?.agentId ||
G6,line 5718 occurrence 1,5718,1,chat.ts:744,src/gateway/server-methods/chat.ts,744,744,normalizeAgentId,line=744,token,PASS,744,  return normalizeAgentId(parsed.agentId);
G6,line 5726 occurrence 1,5726,1,chat.ts:3809,src/gateway/server-methods/chat.ts,3809,3809,agentId,line=3809,token,PASS,3809,    const sessionLoadOptions = requestedAgentId ? { agentId: requestedAgentId } : undefined;
G7,line 5797 occurrence 1,5797,1,src/gateway/server-methods/chat.ts:3810,src/gateway/server-methods/chat.ts,3810,3810,performance,line=3810,token,PASS,3810,    const sessionLoadStartedAtMs = performance.now();
G7,line 5802 occurrence 1,5802,1,src/gateway/server-methods/chat.ts:3811--3822,src/gateway/server-methods/chat.ts,3811,3822,measureDiagnosticsTimelineSpanSync,line=3811,token,PASS,3811,    const sessionLoadResult = measureDiagnosticsTimelineSpanSync(
G7,line 5807 occurrence 1,5807,1,src/gateway/server-methods/chat.ts:3812,src/gateway/server-methods/chat.ts,3812,3812,load_session,line=3812,token,PASS,3812,"      ""gateway.chat_send.load_session"","
G7,line 5812 occurrence 1,5812,1,src/gateway/server-methods/chat.ts:3813,src/gateway/server-methods/chat.ts,3813,3813,loadSessionEntry,line=3813,token,PASS,3813,"      () => loadSessionEntry(rawSessionKey, sessionLoadOptions),"
G7,line 5817 occurrence 1,5817,1,src/gateway/server-methods/chat.ts:3814--3821,src/gateway/server-methods/chat.ts,3814,3821,phase,line=3815,token,PASS,3815,"        phase: ""agent-turn"","
G7,line 5822 occurrence 1,5822,1,src/gateway/server-methods/chat.ts:3811--3822,src/gateway/server-methods/chat.ts,3811,3822,gateway,line=3812,token,PASS,3812,"      ""gateway.chat_send.load_session"","
G7,line 5827 occurrence 1,5827,1,src/gateway/server-methods/chat.ts:3823,src/gateway/server-methods/chat.ts,3823,3823,roundedChatSendTimingMs,line=3823,token,PASS,3823,    const sessionLoadMs = roundedChatSendTimingMs(performance.now() - sessionLoadStartedAtMs);
G7,line 5832 occurrence 1,5832,1,src/gateway/server-methods/chat.ts:3823,src/gateway/server-methods/chat.ts,3823,3823,roundedChatSendTimingMs,line=3823,token,PASS,3823,    const sessionLoadMs = roundedChatSendTimingMs(performance.now() - sessionLoadStartedAtMs);
G7,line 5837 occurrence 1,5837,1,src/gateway/server-methods/chat.ts:3824,src/gateway/server-methods/chat.ts,3824,3824,storePath,line=3824,token,PASS,3824,"    const { cfg, storePath, entry, canonicalKey: sessionKey, legacyKey } = sessionLoadResult;"
G7,line 5842 occurrence 1,5842,1,src/gateway/server-methods/chat.ts:3824,src/gateway/server-methods/chat.ts,3824,3824,storePath,line=3824,token,PASS,3824,"    const { cfg, storePath, entry, canonicalKey: sessionKey, legacyKey } = sessionLoadResult;"
G7,line 5847 occurrence 1,5847,1,src/gateway/server-methods/chat.ts:3824,src/gateway/server-methods/chat.ts,3824,3824,canonicalKey,line=3824,token,PASS,3824,"    const { cfg, storePath, entry, canonicalKey: sessionKey, legacyKey } = sessionLoadResult;"
G7,line 5852 occurrence 1,5852,1,src/gateway/server-methods/chat.ts:3824,src/gateway/server-methods/chat.ts,3824,3824,canonicalKey,line=3824,token,PASS,3824,"    const { cfg, storePath, entry, canonicalKey: sessionKey, legacyKey } = sessionLoadResult;"
G7,line 5857 occurrence 1,5857,1,src/gateway/server-methods/chat.ts:3824,src/gateway/server-methods/chat.ts,3824,3824,canonicalKey,line=3824,token,PASS,3824,"    const { cfg, storePath, entry, canonicalKey: sessionKey, legacyKey } = sessionLoadResult;"
G7,line 5864 occurrence 1,5864,1,src/gateway/session-utils.ts:1047--1068,src/gateway/session-utils.ts,1047,1068,loadSessionEntry,line=1047,token,PASS,1047,"export function loadSessionEntry(sessionKey: string, opts?: { agentId?: string; clone?: boolean }) {"
G7,line 5869 occurrence 1,5869,1,src/gateway/session-utils.ts:1048,src/gateway/session-utils.ts,1048,1048,getRuntimeConfig,line=1048,token,PASS,1048,  const cfg = getRuntimeConfig();
G7,line 5874 occurrence 1,5874,1,src/gateway/session-utils.ts:1049,src/gateway/session-utils.ts,1049,1049,normalizeOptionalString,line=1049,token,PASS,1049,"  const key = normalizeOptionalString(sessionKey) ?? """";"
G7,line 5879 occurrence 1,5879,1,src/gateway/session-utils.ts:1050--1055,src/gateway/session-utils.ts,1050,1055,resolveGatewaySessionStoreTargetWithStore,line=1050,token,PASS,1050,  const target = resolveGatewaySessionStoreTargetWithStore({
G7,line 5884 occurrence 1,5884,1,src/gateway/session-utils.ts:1056,src/gateway/session-utils.ts,1056,1056,storePath,line=1056,token,PASS,1056,  const storePath = target.storePath;
G7,line 5889 occurrence 1,5889,1,src/gateway/session-utils.ts:1057,src/gateway/session-utils.ts,1057,1057,target,line=1057,token,PASS,1057,  const store = target.store;
G7,line 5894 occurrence 1,5894,1,src/gateway/session-utils.ts:1058,src/gateway/session-utils.ts,1058,1058,resolveFreshestSessionStoreMatchFromStoreKeys,line=1058,token,PASS,1058,"  const freshestMatch = resolveFreshestSessionStoreMatchFromStoreKeys(store, target.storeKeys);"
G7,line 5899 occurrence 1,5899,1,src/gateway/session-utils.ts:1058,src/gateway/session-utils.ts,1058,1058,resolveFreshestSessionStoreMatchFromStoreKeys,line=1058,token,PASS,1058,"  const freshestMatch = resolveFreshestSessionStoreMatchFromStoreKeys(store, target.storeKeys);"
G7,line 5904 occurrence 1,5904,1,src/gateway/session-utils.ts:1071--1086,src/gateway/session-utils.ts,1071,1086,storeKeys,line=1073,token,PASS,1073,"  storeKeys: string[],"
G7,line 5909 occurrence 1,5909,1,src/gateway/session-utils.ts:1059,src/gateway/session-utils.ts,1059,1059,canonicalKey,line=1059,token,PASS,1059,  const legacyKey = freshestMatch?.key !== target.canonicalKey ? freshestMatch?.key : undefined;
G7,line 5914 occurrence 1,5914,1,src/gateway/session-utils.ts:1059,src/gateway/session-utils.ts,1059,1059,canonicalKey,line=1059,token,PASS,1059,  const legacyKey = freshestMatch?.key !== target.canonicalKey ? freshestMatch?.key : undefined;
G7,line 5919 occurrence 1,5919,1,src/gateway/session-utils.ts:1060--1068,src/gateway/session-utils.ts,1060,1068,canonicalKey,line=1065,token,PASS,1065,"    canonicalKey: target.canonicalKey,"
G7,line 5924 occurrence 1,5924,1,src/gateway/session-utils.ts:1060--1068,src/gateway/session-utils.ts,1060,1068,storePath,line=1062,token,PASS,1062,"    storePath,"
G7,line 5929 occurrence 1,5929,1,src/gateway/session-utils.ts:1062,src/gateway/session-utils.ts,1062,1062,storePath,line=1062,token,PASS,1062,"    storePath,"
G7,line 5934 occurrence 1,5934,1,src/gateway/session-utils.ts:1063,src/gateway/session-utils.ts,1063,1063,store,line=1063,token,PASS,1063,"    store,"
G7,line 5939 occurrence 1,5939,1,src/gateway/session-utils.ts:1064,src/gateway/session-utils.ts,1064,1064,freshestMatch,line=1064,function-range-line-not-pinned,PASS,1064,"    entry: freshestMatch?.entry,"
G7,line 5944 occurrence 1,5944,1,src/gateway/session-utils.ts:1065,src/gateway/session-utils.ts,1065,1065,canonicalKey,line=1065,token,PASS,1065,"    canonicalKey: target.canonicalKey,"
G7,line 5949 occurrence 1,5949,1,src/gateway/session-utils.ts:1066,src/gateway/session-utils.ts,1066,1066,storeKeys,line=1066,token,PASS,1066,"    storeKeys: target.storeKeys,"
G7,line 5954 occurrence 1,5954,1,src/gateway/session-utils.ts:1067--1068,src/gateway/session-utils.ts,1067,1068,legacyKey,line=1067,token,PASS,1067,"    legacyKey,"
G7,line 5961 occurrence 1,5961,1,session-utils.ts:1065,src/gateway/session-utils.ts,1065,1065,canonicalKey,line=1065,function-range-line-not-pinned,PASS,1065,"    canonicalKey: target.canonicalKey,"
G7,line 5966 occurrence 1,5966,1,session-utils.ts:1542--1592,src/gateway/session-utils.ts,1542,1592,session,line=1561,token,PASS,1561,"    sessionKey: key,"
G7,line 5976 occurrence 1,5976,1,session-utils.ts:1066,src/gateway/session-utils.ts,1066,1066,target,line=1066,token,PASS,1066,"    storeKeys: target.storeKeys,"
G7,line 5996 occurrence 1,5996,1,src/gateway/server-methods/chat.ts:3848--3849,src/gateway/server-methods/chat.ts,3848,3849,sessionId,line=3848,token,PASS,3848,    const requestedSessionId = normalizeOptionalText(p.sessionId);
G7,line 6001 occurrence 1,6001,1,session-utils.ts:1059,src/gateway/session-utils.ts,1059,1059,in,line=1059,token,PASS,1059,  const legacyKey = freshestMatch?.key !== target.canonicalKey ? freshestMatch?.key : undefined;
G7,line 6138 occurrence 1,6138,1,src/gateway/server-methods/chat.ts:3810--3824,src/gateway/server-methods/chat.ts,3810,3824,roundedChatSendTimingMs,line=3823,token,PASS,3823,    const sessionLoadMs = roundedChatSendTimingMs(performance.now() - sessionLoadStartedAtMs);
G7,line 6141 occurrence 1,6141,1,src/gateway/session-utils.ts:1047--1068,src/gateway/session-utils.ts,1047,1068,loadSessionEntry,line=1047,token,PASS,1047,"export function loadSessionEntry(sessionKey: string, opts?: { agentId?: string; clone?: boolean }) {"
G7,line 6144 occurrence 1,6144,1,src/gateway/session-utils.ts:1071--1086,src/gateway/session-utils.ts,1071,1086,function,line=1071,token,PASS,1071,function resolveFreshestSessionStoreMatchFromStoreKeys(
G7,line 6147 occurrence 1,6147,1,src/gateway/session-utils.ts:1542--1592,src/gateway/session-utils.ts,1542,1592,Session,line=1542,token,PASS,1542,export function resolveGatewaySessionStoreTargetWithStore(params: {
G7,line 6150 occurrence 1,6150,1,src/gateway/session-store-key.ts:74--110,src/gateway/session-store-key.ts,74,110,session,line=76,token,PASS,76,  sessionKey: string;
G7,line 6214 occurrence 1,6214,1,chat.ts:3810,src/gateway/server-methods/chat.ts,3810,3810,performance,line=3810,token,PASS,3810,    const sessionLoadStartedAtMs = performance.now();
G7,line 6223 occurrence 1,6223,1,chat.ts:3811--3822,src/gateway/server-methods/chat.ts,3811,3822,measureDiagnosticsTimelineSpanSync,line=3811,token,PASS,3811,    const sessionLoadResult = measureDiagnosticsTimelineSpanSync(
G7,line 6227 occurrence 1,6227,1,session-utils.ts:1048,src/gateway/session-utils.ts,1048,1048,getRuntimeConfig,line=1048,token,PASS,1048,  const cfg = getRuntimeConfig();
G7,line 6231 occurrence 1,6231,1,session-utils.ts:1049,src/gateway/session-utils.ts,1049,1049,normalizeOptionalString,line=1049,token,PASS,1049,"  const key = normalizeOptionalString(sessionKey) ?? """";"
G7,line 6242 occurrence 1,6242,1,session-utils.ts:1050--1055,src/gateway/session-utils.ts,1050,1055,resolveGatewaySessionStoreTargetWithStore,line=1050,token,PASS,1050,  const target = resolveGatewaySessionStoreTargetWithStore({
G7,line 6252 occurrence 1,6252,1,session-utils.ts:1056--1057,src/gateway/session-utils.ts,1056,1057,storePath,line=1056,token,PASS,1056,  const storePath = target.storePath;
G7,line 6262 occurrence 1,6262,1,session-utils.ts:1058,src/gateway/session-utils.ts,1058,1058,resolveFreshestSessionStoreMatchFromStoreKeys,line=1058,token,PASS,1058,"  const freshestMatch = resolveFreshestSessionStoreMatchFromStoreKeys(store, target.storeKeys);"
G7,line 6263 occurrence 1,6263,1,session-utils.ts:1071--1086,src/gateway/session-utils.ts,1071,1086,resolveFreshestSessionStoreMatchFromStoreKeys,line=1071,token,PASS,1071,function resolveFreshestSessionStoreMatchFromStoreKeys(
G7,line 6276 occurrence 1,6276,1,session-utils.ts:1059,src/gateway/session-utils.ts,1059,1059,canonicalKey,line=1059,token,PASS,1059,  const legacyKey = freshestMatch?.key !== target.canonicalKey ? freshestMatch?.key : undefined;
G7,line 6284 occurrence 1,6284,1,session-utils.ts:1060--1068,src/gateway/session-utils.ts,1060,1068,canonicalKey,line=1065,token,PASS,1065,"    canonicalKey: target.canonicalKey,"
G7,line 6289 occurrence 1,6289,1,chat.ts:3823,src/gateway/server-methods/chat.ts,3823,3823,roundedChatSendTimingMs,line=3823,token,PASS,3823,    const sessionLoadMs = roundedChatSendTimingMs(performance.now() - sessionLoadStartedAtMs);
G7,line 6300 occurrence 1,6300,1,chat.ts:3824,src/gateway/server-methods/chat.ts,3824,3824,canonicalKey,line=3824,token,PASS,3824,"    const { cfg, storePath, entry, canonicalKey: sessionKey, legacyKey } = sessionLoadResult;"
G8,line 6372 occurrence 1,6372,1,src/gateway/server-methods/chat.ts:3839--3847,src/gateway/server-methods/chat.ts,3839,3847,validateChatSelectedAgent,line=3839,token,PASS,3839,    const selectedAgent = validateChatSelectedAgent({
G8,line 6377 occurrence 1,6377,1,src/gateway/server-methods/chat.ts:3839--3843,src/gateway/server-methods/chat.ts,3839,3843,validateChatSelectedAgent,line=3839,token,PASS,3839,    const selectedAgent = validateChatSelectedAgent({
G8,line 6382 occurrence 1,6382,1,src/gateway/server-methods/chat.ts:3841,src/gateway/server-methods/chat.ts,3841,3841,requestedSessionKey,line=3841,token,PASS,3841,"      requestedSessionKey: rawSessionKey,"
G8,line 6387 occurrence 1,6387,1,src/gateway/server-methods/chat.ts:3842,src/gateway/server-methods/chat.ts,3842,3842,agentId,line=3842,token,PASS,3842,"      agentId: requestedAgentId,"
G8,line 6392 occurrence 1,6392,1,src/gateway/server-methods/chat.ts:3839--3843,src/gateway/server-methods/chat.ts,3839,3843,agentId,line=3842,token,PASS,3842,"      agentId: requestedAgentId,"
G8,line 6397 occurrence 1,6397,1,src/gateway/server-methods/chat.ts:3844--3847,src/gateway/server-methods/chat.ts,3844,3847,error,line=3845,token,PASS,3845,"      respond(false, undefined, errorShape(ErrorCodes.INVALID_REQUEST, selectedAgent.error));"
G8,line 6402 occurrence 1,6402,1,src/gateway/server-methods/chat.ts:3845--3846,src/gateway/server-methods/chat.ts,3845,3846,error,line=3845,token,PASS,3845,"      respond(false, undefined, errorShape(ErrorCodes.INVALID_REQUEST, selectedAgent.error));"
G8,line 6409 occurrence 1,6409,1,src/gateway/server-methods/chat.ts:690--723,src/gateway/server-methods/chat.ts,690,723,validateChatSelectedAgent,line=690,token,PASS,690,function validateChatSelectedAgent(params: {
G8,line 6414 occurrence 1,6414,1,src/gateway/server-methods/chat.ts:695,src/gateway/server-methods/chat.ts,695,695,normalizeAgentId,line=695,token,PASS,695,  const agentId = params.agentId ? normalizeAgentId(params.agentId) : undefined;
G8,line 6419 occurrence 1,6419,1,src/gateway/server-methods/chat.ts:696--698,src/gateway/server-methods/chat.ts,696,698,agentId,line=696,token,PASS,696,  if (!agentId) {
G8,line 6424 occurrence 1,6424,1,src/gateway/server-methods/chat.ts:697,src/gateway/server-methods/chat.ts,697,697,ok,line=697,token,PASS,697,    return { ok: true };
G8,line 6429 occurrence 1,6429,1,src/gateway/server-methods/chat.ts:699--701,src/gateway/server-methods/chat.ts,699,701,listAgentIds,line=699,token,PASS,699,  if (!listAgentIds(params.cfg).includes(agentId)) {
G8,line 6434 occurrence 1,6434,1,src/gateway/server-methods/chat.ts:700,src/gateway/server-methods/chat.ts,700,700,Unknown,line=700,token,PASS,700,"    return { ok: false, error: `Unknown agent id ""${params.agentId}""` };"
G8,line 6439 occurrence 1,6439,1,src/gateway/server-methods/chat.ts:702,src/gateway/server-methods/chat.ts,702,702,requestedSessionKey,line=702,token,PASS,702,  const requestedSessionKey = params.requestedSessionKey.trim();
G8,line 6444 occurrence 1,6444,1,src/gateway/server-methods/chat.ts:703,src/gateway/server-methods/chat.ts,703,703,parseAgentSessionKey,line=703,token,PASS,703,  const parsed = parseAgentSessionKey(requestedSessionKey);
G8,line 6449 occurrence 1,6449,1,src/gateway/server-methods/chat.ts:704--710,src/gateway/server-methods/chat.ts,704,710,normalizeAgentId,line=704,token,PASS,704,  if (parsed && normalizeAgentId(parsed.agentId) !== agentId) {
G8,line 6454 occurrence 1,6454,1,src/gateway/server-methods/chat.ts:705--709,src/gateway/server-methods/chat.ts,705,709,agentId,line=707,token,PASS,707,"      error: `agentId ""${params.agentId}"" does not match session key ""${params.requestedSessionKey}""`,"
G8,line 6459 occurrence 1,6459,1,src/gateway/server-methods/chat.ts:711--713,src/gateway/server-methods/chat.ts,711,713,sessionKey,line=713,token,PASS,713,"  if (resolveSessionStoreKey({ cfg: params.cfg, sessionKey: requestedSessionKey }) === ""global"") {"
G8,line 6464 occurrence 1,6464,1,src/gateway/server-methods/chat.ts:710--712,src/gateway/server-methods/chat.ts,710,712,agentId,line=711,token,PASS,711,"    return { ok: true, agentId };"
G8,line 6469 occurrence 1,6469,1,src/gateway/server-methods/chat.ts:714--716,src/gateway/server-methods/chat.ts,714,716,agentId,line=714,token,PASS,714,"    return { ok: true, agentId };"
G8,line 6474 occurrence 1,6474,1,src/gateway/server-methods/chat.ts:713--715,src/gateway/server-methods/chat.ts,713,715,resolveSessionStoreKey,line=713,token,PASS,713,"  if (resolveSessionStoreKey({ cfg: params.cfg, sessionKey: requestedSessionKey }) === ""global"") {"
G8,line 6479 occurrence 1,6479,1,src/gateway/server-methods/chat.ts:717--721,src/gateway/server-methods/chat.ts,717,721,agentId,line=719,token,PASS,719,"      error: `agentId ""${params.agentId}"" does not match session key ""${params.requestedSessionKey}""`,"
G8,line 6484 occurrence 1,6484,1,src/gateway/server-methods/chat.ts:718--720,src/gateway/server-methods/chat.ts,718,720,agentId,line=719,token,PASS,719,"      error: `agentId ""${params.agentId}"" does not match session key ""${params.requestedSessionKey}""`,"
G8,line 6489 occurrence 1,6489,1,src/gateway/server-methods/chat.ts:722,src/gateway/server-methods/chat.ts,722,722,agentId,line=722,token,PASS,722,"  return { ok: true, agentId };"
G8,line 6500 occurrence 1,6500,1,src/gateway/server-methods/chat.ts:3848,src/gateway/server-methods/chat.ts,3848,3848,normalizeOptionalText,line=3848,token,PASS,3848,    const requestedSessionId = normalizeOptionalText(p.sessionId);
G8,line 6505 occurrence 1,6505,1,src/gateway/server-methods/chat.ts:3849,src/gateway/server-methods/chat.ts,3849,3849,sessionId,line=3849,token,PASS,3849,    const backingSessionId = entry?.sessionId ?? requestedSessionId;
G8,line 6516 occurrence 1,6516,1,src/gateway/server-methods/chat.ts:3850--3852,src/gateway/server-methods/chat.ts,3850,3852,resolveDeletedAgentIdFromSessionKey,line=3850,token,PASS,3850,"    const deletedAgentId = resolveDeletedAgentIdFromSessionKey(cfg, sessionKey, entry, {"
G8,line 6521 occurrence 1,6521,1,src/gateway/server-methods/chat.ts:3850,src/gateway/server-methods/chat.ts,3850,3850,resolveDeletedAgentIdFromSessionKey,line=3850,token,PASS,3850,"    const deletedAgentId = resolveDeletedAgentIdFromSessionKey(cfg, sessionKey, entry, {"
G8,line 6526 occurrence 1,6526,1,src/gateway/server-methods/chat.ts:3850,src/gateway/server-methods/chat.ts,3850,3850,deletedAgentId,line=3850,function-range-line-not-pinned,PASS,3850,"    const deletedAgentId = resolveDeletedAgentIdFromSessionKey(cfg, sessionKey, entry, {"
G8,line 6531 occurrence 1,6531,1,src/gateway/server-methods/chat.ts:3850,src/gateway/server-methods/chat.ts,3850,3850,deletedAgentId,line=3850,function-range-line-not-pinned,PASS,3850,"    const deletedAgentId = resolveDeletedAgentIdFromSessionKey(cfg, sessionKey, entry, {"
G8,line 6536 occurrence 1,6536,1,src/gateway/server-methods/chat.ts:3851,src/gateway/server-methods/chat.ts,3851,3851,acpMetadataSessionKey,line=3851,token,PASS,3851,"      acpMetadataSessionKey: legacyKey ?? sessionKey,"
G8,line 6541 occurrence 1,6541,1,src/gateway/server-methods/chat.ts:3850--3852,src/gateway/server-methods/chat.ts,3850,3852,acpMetadataSessionKey,line=3851,token,PASS,3851,"      acpMetadataSessionKey: legacyKey ?? sessionKey,"
G8,line 6546 occurrence 1,6546,1,src/gateway/server-methods/chat.ts:3853--3863,src/gateway/server-methods/chat.ts,3853,3863,configuration,line=3859,token,PASS,3859,"          `Agent ""${deletedAgentId}"" no longer exists in configuration`,"
G8,line 6551 occurrence 1,6551,1,src/gateway/server-methods/chat.ts:3854--3861,src/gateway/server-methods/chat.ts,3854,3861,configuration,line=3859,token,PASS,3859,"          `Agent ""${deletedAgentId}"" no longer exists in configuration`,"
G8,line 6567 occurrence 1,6567,1,src/gateway/server-methods/chat.ts:695,src/gateway/server-methods/chat.ts,695,695,agentId,line=695,function-range-line-not-pinned,PASS,695,  const agentId = params.agentId ? normalizeAgentId(params.agentId) : undefined;
G8,line 6572 occurrence 1,6572,1,src/gateway/server-methods/chat.ts:696--698,src/gateway/server-methods/chat.ts,696,698,ok,line=697,token,PASS,697,    return { ok: true };
G8,line 6577 occurrence 1,6577,1,chat.ts:697,src/gateway/server-methods/chat.ts,697,697,ok,line=697,token,PASS,697,    return { ok: true };
G8,line 6607 occurrence 1,6607,1,chat.ts:3853--3863,src/gateway/server-methods/chat.ts,3853,3863,if,line=3853,function-range-line-not-pinned,PASS,3853,    if (deletedAgentId !== null) {
G8,line 6749 occurrence 1,6749,1,src/gateway/server-methods/chat.ts:3839--3863,src/gateway/server-methods/chat.ts,3839,3863,validateChatSelectedAgent,line=3839,token,PASS,3839,    const selectedAgent = validateChatSelectedAgent({
G8,line 6752 occurrence 1,6752,1,src/gateway/server-methods/chat.ts:690--723,src/gateway/server-methods/chat.ts,690,723,validateChatSelectedAgent,line=690,token,PASS,690,function validateChatSelectedAgent(params: {
G8,line 6755 occurrence 1,6755,1,src/gateway/server-methods/chat.ts:3848--3849,src/gateway/server-methods/chat.ts,3848,3849,Session,line=3848,token,PASS,3848,    const requestedSessionId = normalizeOptionalText(p.sessionId);
G8,line 6758 occurrence 1,6758,1,src/gateway/server-methods/chat.ts:3850--3863,src/gateway/server-methods/chat.ts,3850,3863,Session,line=3850,token,PASS,3850,"    const deletedAgentId = resolveDeletedAgentIdFromSessionKey(cfg, sessionKey, entry, {"
G8,line 6830 occurrence 1,6830,1,chat.ts:3839--3843,src/gateway/server-methods/chat.ts,3839,3843,validateChatSelectedAgent,line=3839,token,PASS,3839,    const selectedAgent = validateChatSelectedAgent({
G8,line 6835 occurrence 1,6835,1,chat.ts:3844--3847,src/gateway/server-methods/chat.ts,3844,3847,Agent,line=3844,token,PASS,3844,    if (!selectedAgent.ok) {
G8,line 6844 occurrence 1,6844,1,chat.ts:695,src/gateway/server-methods/chat.ts,695,695,normalizeAgentId,line=695,token,PASS,695,  const agentId = params.agentId ? normalizeAgentId(params.agentId) : undefined;
G8,line 6852 occurrence 1,6852,1,chat.ts:696--698,src/gateway/server-methods/chat.ts,696,698,agentId,line=696,token,PASS,696,  if (!agentId) {
G8,line 6858 occurrence 1,6858,1,chat.ts:699--722,src/gateway/server-methods/chat.ts,699,722,requested,line=702,token,PASS,702,  const requestedSessionKey = params.requestedSessionKey.trim();
G8,line 6863 occurrence 1,6863,1,chat.ts:3848,src/gateway/server-methods/chat.ts,3848,3848,normalizeOptionalText,line=3848,token,PASS,3848,    const requestedSessionId = normalizeOptionalText(p.sessionId);
G8,line 6873 occurrence 1,6873,1,chat.ts:3849,src/gateway/server-methods/chat.ts,3849,3849,sessionId,line=3849,token,PASS,3849,    const backingSessionId = entry?.sessionId ?? requestedSessionId;
G8,line 6886 occurrence 1,6886,1,chat.ts:3850--3852,src/gateway/server-methods/chat.ts,3850,3852,resolveDeletedAgentIdFromSessionKey,line=3850,token,PASS,3850,"    const deletedAgentId = resolveDeletedAgentIdFromSessionKey(cfg, sessionKey, entry, {"
G8,line 6891 occurrence 1,6891,1,chat.ts:3853--3863,src/gateway/server-methods/chat.ts,3853,3863,deleted,line=3853,token,PASS,3853,    if (deletedAgentId !== null) {
G8,line 6939 occurrence 1,6939,1,chat.ts:3849,src/gateway/server-methods/chat.ts,3849,3849,backingSessionId,line=3849,token,PASS,3849,    const backingSessionId = entry?.sessionId ?? requestedSessionId;
G9,line 6986 occurrence 1,6986,1,src/gateway/server-methods/chat.ts:3864--3868,src/gateway/server-methods/chat.ts,3864,3868,resolveSessionAgentId,line=3864,token,PASS,3864,    const agentId = resolveSessionAgentId({
G9,line 6991 occurrence 1,6991,1,src/gateway/server-methods/chat.ts:3865,src/gateway/server-methods/chat.ts,3865,3865,sessionKey,line=3865,token,PASS,3865,"      sessionKey,"
G9,line 6996 occurrence 1,6996,1,src/gateway/server-methods/chat.ts:3866,src/gateway/server-methods/chat.ts,3866,3866,config,line=3866,token,PASS,3866,"      config: cfg,"
G9,line 7001 occurrence 1,7001,1,src/gateway/server-methods/chat.ts:3867,src/gateway/server-methods/chat.ts,3867,3867,agentId,line=3867,token,PASS,3867,"      agentId: selectedAgent.agentId,"
G9,line 7006 occurrence 1,7006,1,src/gateway/server-methods/chat.ts:3864--3868,src/gateway/server-methods/chat.ts,3864,3868,agentId,line=3864,token,PASS,3864,    const agentId = resolveSessionAgentId({
G9,line 7017 occurrence 1,7017,1,src/agents/agent-scope.ts:323--330,src/agents/agent-scope.ts,323,330,resolveSessionAgentIds,line=329,token,PASS,329,  return resolveSessionAgentIds(params).sessionAgentId;
G9,line 7022 occurrence 1,7022,1,src/agents/agent-scope.ts:329,src/agents/agent-scope.ts,329,329,resolveSessionAgentIds,line=329,token,PASS,329,  return resolveSessionAgentIds(params).sessionAgentId;
G9,line 7033 occurrence 1,7033,1,src/agents/agent-scope.ts:300--321,src/agents/agent-scope.ts,300,321,resolveSessionAgentIds,line=300,token,PASS,300,export function resolveSessionAgentIds(params: {
G9,line 7038 occurrence 1,7038,1,src/agents/agent-scope.ts:309,src/agents/agent-scope.ts,309,309,resolveDefaultAgentId,line=309,token,PASS,309,  const defaultAgentId = resolveDefaultAgentId(params.config ?? {});
G9,line 7043 occurrence 1,7043,1,src/agents/agent-scope.ts:310,src/agents/agent-scope.ts,310,310,normalizeLowercaseStringOrEmpty,line=310,token,PASS,310,  const explicitAgentIdRaw = normalizeLowercaseStringOrEmpty(params.agentId);
G9,line 7048 occurrence 1,7048,1,src/agents/agent-scope.ts:311,src/agents/agent-scope.ts,311,311,normalizeAgentId,line=311,token,PASS,311,  const explicitAgentId = explicitAgentIdRaw ? normalizeAgentId(explicitAgentIdRaw) : null;
G9,line 7053 occurrence 1,7053,1,src/agents/agent-scope.ts:311,src/agents/agent-scope.ts,311,311,normalizeAgentId,line=311,token,PASS,311,  const explicitAgentId = explicitAgentIdRaw ? normalizeAgentId(explicitAgentIdRaw) : null;
G9,line 7058 occurrence 1,7058,1,src/agents/agent-scope.ts:312,src/agents/agent-scope.ts,312,312,normalizeLowercaseStringOrEmpty,line=312,token,PASS,312,  const fallbackAgentIdRaw = normalizeLowercaseStringOrEmpty(params.fallbackAgentId);
G9,line 7063 occurrence 1,7063,1,src/agents/agent-scope.ts:313,src/agents/agent-scope.ts,313,313,normalizeAgentId,line=313,token,PASS,313,  const fallbackAgentId = fallbackAgentIdRaw ? normalizeAgentId(fallbackAgentIdRaw) : null;
G9,line 7068 occurrence 1,7068,1,src/agents/agent-scope.ts:313,src/agents/agent-scope.ts,313,313,normalizeAgentId,line=313,token,PASS,313,  const fallbackAgentId = fallbackAgentIdRaw ? normalizeAgentId(fallbackAgentIdRaw) : null;
G9,line 7073 occurrence 1,7073,1,src/agents/agent-scope.ts:314,src/agents/agent-scope.ts,314,314,sessionKey,line=314,token,PASS,314,  const sessionKey = params.sessionKey?.trim();
G9,line 7078 occurrence 1,7078,1,src/agents/agent-scope.ts:315,src/agents/agent-scope.ts,315,315,normalizeLowercaseStringOrEmpty,line=315,token,PASS,315,  const normalizedSessionKey = sessionKey ? normalizeLowercaseStringOrEmpty(sessionKey) : undefined;
G9,line 7083 occurrence 1,7083,1,src/agents/agent-scope.ts:315,src/agents/agent-scope.ts,315,315,normalizeLowercaseStringOrEmpty,line=315,token,PASS,315,  const normalizedSessionKey = sessionKey ? normalizeLowercaseStringOrEmpty(sessionKey) : undefined;
G9,line 7088 occurrence 1,7088,1,src/agents/agent-scope.ts:316,src/agents/agent-scope.ts,316,316,parseAgentSessionKey,line=316,token,PASS,316,  const parsed = normalizedSessionKey ? parseAgentSessionKey(normalizedSessionKey) : null;
G9,line 7093 occurrence 1,7093,1,src/agents/agent-scope.ts:316,src/agents/agent-scope.ts,316,316,parseAgentSessionKey,line=316,token,PASS,316,  const parsed = normalizedSessionKey ? parseAgentSessionKey(normalizedSessionKey) : null;
G9,line 7104 occurrence 1,7104,1,src/agents/agent-scope.ts:317--319,src/agents/agent-scope.ts,317,319,normalizeAgentId,line=319,token,PASS,319,    (parsed?.agentId ? normalizeAgentId(parsed.agentId) : (fallbackAgentId ?? defaultAgentId));
G9,line 7109 occurrence 1,7109,1,src/agents/agent-scope.ts:317--319,src/agents/agent-scope.ts,317,319,normalizeAgentId,line=319,token,PASS,319,    (parsed?.agentId ? normalizeAgentId(parsed.agentId) : (fallbackAgentId ?? defaultAgentId));
G9,line 7114 occurrence 1,7114,1,src/agents/agent-scope.ts:317--319,src/agents/agent-scope.ts,317,319,normalizeAgentId,line=319,token,PASS,319,    (parsed?.agentId ? normalizeAgentId(parsed.agentId) : (fallbackAgentId ?? defaultAgentId));
G9,line 7119 occurrence 1,7119,1,src/agents/agent-scope.ts:320,src/agents/agent-scope.ts,320,320,defaultAgentId,line=320,token,PASS,320,"  return { defaultAgentId, sessionAgentId };"
G9,line 7124 occurrence 1,7124,1,src/agents/agent-scope.ts:320,src/agents/agent-scope.ts,320,320,defaultAgentId,line=320,token,PASS,320,"  return { defaultAgentId, sessionAgentId };"
G9,line 7150 occurrence 1,7150,1,agent-scope.ts:310--311,src/agents/agent-scope.ts,310,311,agentId,line=310,token,PASS,310,  const explicitAgentIdRaw = normalizeLowercaseStringOrEmpty(params.agentId);
G9,line 7155 occurrence 1,7155,1,chat.ts:3864--3868,src/gateway/server-methods/chat.ts,3864,3868,agentId,line=3864,token,PASS,3864,    const agentId = resolveSessionAgentId({
G9,line 7160 occurrence 1,7160,1,agent-scope.ts:314--316,src/agents/agent-scope.ts,314,316,parsed,line=316,token,PASS,316,  const parsed = normalizedSessionKey ? parseAgentSessionKey(normalizedSessionKey) : null;
G9,line 7165 occurrence 1,7165,1,agent-scope.ts:317--319,src/agents/agent-scope.ts,317,319,fallbackAgentId,line=319,token,PASS,319,    (parsed?.agentId ? normalizeAgentId(parsed.agentId) : (fallbackAgentId ?? defaultAgentId));
G9,line 7170 occurrence 1,7170,1,agent-scope.ts:317--319,src/agents/agent-scope.ts,317,319,fallback,line=319,token,PASS,319,    (parsed?.agentId ? normalizeAgentId(parsed.agentId) : (fallbackAgentId ?? defaultAgentId));
G9,line 7175 occurrence 1,7175,1,agent-scope.ts:317--319,src/agents/agent-scope.ts,317,319,fallback,line=319,token,PASS,319,    (parsed?.agentId ? normalizeAgentId(parsed.agentId) : (fallbackAgentId ?? defaultAgentId));
G9,line 7325 occurrence 1,7325,1,src/gateway/server-methods/chat.ts:3864--3868,src/gateway/server-methods/chat.ts,3864,3868,resolveSessionAgentId,line=3864,token,PASS,3864,    const agentId = resolveSessionAgentId({
G9,line 7328 occurrence 1,7328,1,src/agents/agent-scope.ts:323--330,src/agents/agent-scope.ts,323,330,resolveSessionAgentId,line=323,token,PASS,323,export function resolveSessionAgentId(params: {
G9,line 7331 occurrence 1,7331,1,src/agents/agent-scope.ts:300--321,src/agents/agent-scope.ts,300,321,resolveSessionAgentId,line=300,token,PASS,300,export function resolveSessionAgentIds(params: {
G9,line 7390 occurrence 1,7390,1,agent-scope.ts:309,src/agents/agent-scope.ts,309,309,resolveDefaultAgentId,line=309,token,PASS,309,  const defaultAgentId = resolveDefaultAgentId(params.config ?? {});
G9,line 7401 occurrence 1,7401,1,agent-scope.ts:310--311,src/agents/agent-scope.ts,310,311,normalizeLowercaseStringOrEmpty,line=310,token,PASS,310,  const explicitAgentIdRaw = normalizeLowercaseStringOrEmpty(params.agentId);
G9,line 7414 occurrence 1,7414,1,agent-scope.ts:312--313,src/agents/agent-scope.ts,312,313,normalizeLowercaseStringOrEmpty,line=312,token,PASS,312,  const fallbackAgentIdRaw = normalizeLowercaseStringOrEmpty(params.fallbackAgentId);
G9,line 7424 occurrence 1,7424,1,agent-scope.ts:314--315,src/agents/agent-scope.ts,314,315,normalizeLowercaseStringOrEmpty,line=315,token,PASS,315,  const normalizedSessionKey = sessionKey ? normalizeLowercaseStringOrEmpty(sessionKey) : undefined;
G9,line 7433 occurrence 1,7433,1,agent-scope.ts:316,src/agents/agent-scope.ts,316,316,parseAgentSessionKey,line=316,token,PASS,316,  const parsed = normalizedSessionKey ? parseAgentSessionKey(normalizedSessionKey) : null;
G9,line 7444 occurrence 1,7444,1,agent-scope.ts:317--319,src/agents/agent-scope.ts,317,319,explicit,line=318,token,PASS,318,    explicitAgentId ??
G9,line 7463 occurrence 1,7463,1,agent-scope.ts:320,src/agents/agent-scope.ts,320,320,sessionAgentId,line=320,token,PASS,320,"  return { defaultAgentId, sessionAgentId };"
G10,line 7545 occurrence 1,7545,1,src/gateway/server-methods/chat.ts:3891--3897,src/gateway/server-methods/chat.ts,3891,3897,resolveSendPolicy,line=3891,token,PASS,3891,    const sendPolicy = resolveSendPolicy({
G10,line 7550 occurrence 1,7550,1,src/gateway/server-methods/chat.ts:3891--3896,src/gateway/server-methods/chat.ts,3891,3896,resolveSendPolicy,line=3891,token,PASS,3891,    const sendPolicy = resolveSendPolicy({
G10,line 7555 occurrence 1,7555,1,src/gateway/server-methods/chat.ts:3891--3896,src/gateway/server-methods/chat.ts,3891,3896,sessionKey,line=3894,token,PASS,3894,"      sessionKey,"
G10,line 7560 occurrence 1,7560,1,src/gateway/server-methods/chat.ts:3894,src/gateway/server-methods/chat.ts,3894,3894,sessionKey,line=3894,token,PASS,3894,"      sessionKey,"
G10,line 7565 occurrence 1,7565,1,src/gateway/server-methods/chat.ts:3895,src/gateway/server-methods/chat.ts,3895,3895,channel,line=3895,token,PASS,3895,"      channel: entry?.channel,"
G10,line 7570 occurrence 1,7570,1,src/gateway/server-methods/chat.ts:3896,src/gateway/server-methods/chat.ts,3896,3896,chatType,line=3896,token,PASS,3896,"      chatType: entry?.chatType,"
G10,line 7575 occurrence 1,7575,1,src/gateway/server-methods/chat.ts:3891--3897,src/gateway/server-methods/chat.ts,3891,3897,chatType,line=3896,token,PASS,3896,"      chatType: entry?.chatType,"
G10,line 7586 occurrence 1,7586,1,src/gateway/server-methods/chat.ts:3898--3905,src/gateway/server-methods/chat.ts,3898,3905,blocked,line=3902,token,PASS,3902,"        errorShape(ErrorCodes.INVALID_REQUEST, ""send blocked by session policy""),"
G10,line 7591 occurrence 1,7591,1,src/gateway/server-methods/chat.ts:3899--3904,src/gateway/server-methods/chat.ts,3899,3904,blocked,line=3902,token,PASS,3902,"        errorShape(ErrorCodes.INVALID_REQUEST, ""send blocked by session policy""),"
G10,line 7602 occurrence 1,7602,1,src/sessions/send-policy.ts:76--159,src/sessions/send-policy.ts,76,159,resolveSendPolicy,line=76,token,PASS,76,export function resolveSendPolicy(params: {
G10,line 7611 occurrence 1,7611,1,src/sessions/send-policy.ts:83,src/sessions/send-policy.ts,83,83,normalizeSendPolicy,line=83,token,PASS,83,  const override = normalizeSendPolicy(params.entry?.sendPolicy);
G10,line 7616 occurrence 1,7616,1,src/sessions/send-policy.ts:84--86,src/sessions/send-policy.ts,84,86,override,line=84,token,PASS,84,  if (override) {
G10,line 7621 occurrence 1,7621,1,src/sessions/send-policy.ts:85,src/sessions/send-policy.ts,85,85,override,line=85,token,PASS,85,    return override;
G10,line 7630 occurrence 1,7630,1,src/sessions/send-policy.ts:88,src/sessions/send-policy.ts,88,88,sendPolicy,line=88,token,PASS,88,  const policy = params.cfg.session?.sendPolicy;
G10,line 7635 occurrence 1,7635,1,src/sessions/send-policy.ts:89--91,src/sessions/send-policy.ts,89,91,policy,line=89,token,PASS,89,  if (!policy) {
G10,line 7640 occurrence 1,7640,1,src/sessions/send-policy.ts:90,src/sessions/send-policy.ts,90,90,allow,line=90,token,PASS,90,"    return ""allow"";"
G10,line 7649 occurrence 1,7649,1,src/sessions/send-policy.ts:92--96,src/sessions/send-policy.ts,92,96,hasAmbiguousPeerShape,line=94,token,PASS,94,  if (hasAmbiguousPeerShape(params.sessionKey)) {
G10,line 7654 occurrence 1,7654,1,src/sessions/send-policy.ts:95,src/sessions/send-policy.ts,95,95,deny,line=95,token,PASS,95,"    return ""deny"";"
G10,line 7665 occurrence 1,7665,1,src/sessions/send-policy.ts:98,src/sessions/send-policy.ts,98,98,sessionKey,line=98,token,PASS,98,"  const rawSessionKey = params.sessionKey ?? """";"
G10,line 7670 occurrence 1,7670,1,src/sessions/send-policy.ts:99,src/sessions/send-policy.ts,99,99,stripAgentSessionKeyPrefix,line=99,token,PASS,99,"  const strippedSessionKey = stripAgentSessionKeyPrefix(rawSessionKey) ?? """";"
G10,line 7675 occurrence 1,7675,1,src/sessions/send-policy.ts:100,src/sessions/send-policy.ts,100,100,normalizeLowercaseStringOrEmpty,line=100,token,PASS,100,  const rawSessionKeyNorm = normalizeLowercaseStringOrEmpty(rawSessionKey);
G10,line 7680 occurrence 1,7680,1,src/sessions/send-policy.ts:101,src/sessions/send-policy.ts,101,101,normalizeLowercaseStringOrEmpty,line=101,token,PASS,101,  const strippedSessionKeyNorm = normalizeLowercaseStringOrEmpty(strippedSessionKey);
G10,line 7685 occurrence 1,7685,1,src/sessions/send-policy.ts:102--111,src/sessions/send-policy.ts,102,111,lastChannel,line=108,token,PASS,108,      normalizeMatchValue(params.entry?.lastChannel) ??
G10,line 7690 occurrence 1,7690,1,src/sessions/send-policy.ts:112--117,src/sessions/send-policy.ts,112,117,chatType,line=113,token,PASS,113,    chatType ??=
G10,line 7701 occurrence 1,7701,1,src/sessions/send-policy.ts:119,src/sessions/send-policy.ts,119,119,allowedMatch,line=119,function-range-line-not-pinned,PASS,119,  let allowedMatch = false;
G10,line 7706 occurrence 1,7706,1,src/sessions/send-policy.ts:120--151,src/sessions/send-policy.ts,120,151,normalizeSendPolicy,line=124,token,PASS,124,"    const action = normalizeSendPolicy(rule.action) ?? ""allow"";"
G10,line 7711 occurrence 1,7711,1,src/sessions/send-policy.ts:124,src/sessions/send-policy.ts,124,124,normalizeSendPolicy,line=124,token,PASS,124,"    const action = normalizeSendPolicy(rule.action) ?? ""allow"";"
G10,line 7716 occurrence 1,7716,1,src/sessions/send-policy.ts:125--126,src/sessions/send-policy.ts,125,126,normalize,line=126,token,PASS,126,    const matchChannel = normalizeMatchValue(match.channel);
G10,line 7721 occurrence 1,7721,1,src/sessions/send-policy.ts:125--127,src/sessions/send-policy.ts,125,127,normalize,line=126,token,PASS,126,    const matchChannel = normalizeMatchValue(match.channel);
G10,line 7726 occurrence 1,7726,1,src/sessions/send-policy.ts:125--128,src/sessions/send-policy.ts,125,128,normalize,line=126,token,PASS,126,    const matchChannel = normalizeMatchValue(match.channel);
G10,line 7731 occurrence 1,7731,1,src/sessions/send-policy.ts:125--129,src/sessions/send-policy.ts,125,129,rawKeyPrefix,line=129,token,PASS,129,    const matchRawPrefix = normalizeMatchValue(match.rawKeyPrefix);
G10,line 7736 occurrence 1,7736,1,src/sessions/send-policy.ts:131--133,src/sessions/send-policy.ts,131,133,continue,line=132,token,PASS,132,      continue;
G10,line 7741 occurrence 1,7741,1,src/sessions/send-policy.ts:134--136,src/sessions/send-policy.ts,134,136,continue,line=135,token,PASS,135,      continue;
G10,line 7746 occurrence 1,7746,1,src/sessions/send-policy.ts:137--139,src/sessions/send-policy.ts,137,139,continue,line=138,token,PASS,138,      continue;
G10,line 7751 occurrence 1,7751,1,src/sessions/send-policy.ts:140--146,src/sessions/send-policy.ts,140,146,continue,line=145,token,PASS,145,      continue;
G10,line 7756 occurrence 1,7756,1,src/sessions/send-policy.ts:147--149,src/sessions/send-policy.ts,147,149,action,line=147,token,PASS,147,"    if (action === ""deny"") {"
G10,line 7761 occurrence 1,7761,1,src/sessions/send-policy.ts:150,src/sessions/send-policy.ts,150,150,allowedMatch,line=150,function-range-line-not-pinned,PASS,150,    allowedMatch = true;
G10,line 7772 occurrence 1,7772,1,src/sessions/send-policy.ts:153--155,src/sessions/send-policy.ts,153,155,allow,line=153,token,PASS,153,  if (allowedMatch) {
G10,line 7777 occurrence 1,7777,1,src/sessions/send-policy.ts:154,src/sessions/send-policy.ts,154,154,allow,line=154,token,PASS,154,"    return ""allow"";"
G10,line 7782 occurrence 1,7782,1,src/sessions/send-policy.ts:157,src/sessions/send-policy.ts,157,157,normalizeSendPolicy,line=157,token,PASS,157,  const fallback = normalizeSendPolicy(policy.default);
G10,line 7787 occurrence 1,7787,1,src/sessions/send-policy.ts:158,src/sessions/send-policy.ts,158,158,fallback,line=158,token,PASS,158,"  return fallback ?? ""allow"";"
G10,line 7818 occurrence 1,7818,1,chat.ts:3898,src/gateway/server-methods/chat.ts,3898,3898,sendPolicy,line=3898,token,PASS,3898,"    if (sendPolicy === ""deny"") {"
G10,line 7948 occurrence 1,7948,1,src/gateway/server-methods/chat.ts:3891--3905,src/gateway/server-methods/chat.ts,3891,3905,resolveSendPolicy,line=3891,token,PASS,3891,    const sendPolicy = resolveSendPolicy({
G10,line 7951 occurrence 1,7951,1,src/sessions/send-policy.ts:76--159,src/sessions/send-policy.ts,76,159,resolveSendPolicy,line=76,token,PASS,76,export function resolveSendPolicy(params: {
G10,line 8013 occurrence 1,8013,1,send-policy.ts:83--86,src/sessions/send-policy.ts,83,86,normalizeSendPolicy,line=83,token,PASS,83,  const override = normalizeSendPolicy(params.entry?.sendPolicy);
G10,line 8021 occurrence 1,8021,1,send-policy.ts:88--91,src/sessions/send-policy.ts,88,91,sendPolicy,line=88,token,PASS,88,  const policy = params.cfg.session?.sendPolicy;
G10,line 8026 occurrence 1,8026,1,send-policy.ts:92--96,src/sessions/send-policy.ts,92,96,hasAmbiguousPeerShape,line=94,token,PASS,94,  if (hasAmbiguousPeerShape(params.sessionKey)) {
G10,line 8038 occurrence 1,8038,1,send-policy.ts:98--117,src/sessions/send-policy.ts,98,117,stripAgentSessionKeyPrefix,line=99,token,PASS,99,"  const strippedSessionKey = stripAgentSessionKeyPrefix(rawSessionKey) ?? """";"
G10,line 8047 occurrence 1,8047,1,send-policy.ts:119--146,src/sessions/send-policy.ts,119,146,rawKeyPrefix,line=129,token,PASS,129,    const matchRawPrefix = normalizeMatchValue(match.rawKeyPrefix);
G10,line 8053 occurrence 1,8053,1,send-policy.ts:147--151,src/sessions/send-policy.ts,147,151,action,line=147,token,PASS,147,"    if (action === ""deny"") {"
G10,line 8058 occurrence 1,8058,1,send-policy.ts:153--155,src/sessions/send-policy.ts,153,155,allow,line=153,token,PASS,153,  if (allowedMatch) {
G10,line 8063 occurrence 1,8063,1,send-policy.ts:157--158,src/sessions/send-policy.ts,157,158,normalizeSendPolicy,line=157,token,PASS,157,  const fallback = normalizeSendPolicy(policy.default);
G11,line 8151 occurrence 1,8151,1,src/gateway/server-methods/chat.ts:3936--3942,src/gateway/server-methods/chat.ts,3936,3942,context,line=3936,token,PASS,3936,    const cached = context.dedupe.get(`chat:${clientRunId}`);
G11,line 8156 occurrence 1,8156,1,src/gateway/server-methods/chat.ts:3936,src/gateway/server-methods/chat.ts,3936,3936,context,line=3936,token,PASS,3936,    const cached = context.dedupe.get(`chat:${clientRunId}`);
G11,line 8161 occurrence 1,8161,1,src/gateway/server-methods/chat.ts:3936,src/gateway/server-methods/chat.ts,3936,3936,cached,line=3936,token,PASS,3936,    const cached = context.dedupe.get(`chat:${clientRunId}`);
G11,line 8166 occurrence 1,8166,1,src/gateway/server-methods/chat.ts:3937--3942,src/gateway/server-methods/chat.ts,3937,3942,respond,line=3938,token,PASS,3938,"      respond(cached.ok, cached.payload, cached.error, {"
G11,line 8171 occurrence 1,8171,1,src/gateway/server-methods/chat.ts:3938--3941,src/gateway/server-methods/chat.ts,3938,3941,respond,line=3938,token,PASS,3938,"      respond(cached.ok, cached.payload, cached.error, {"
G11,line 8176 occurrence 1,8176,1,src/gateway/server-methods/chat.ts:3938--3942,src/gateway/server-methods/chat.ts,3938,3942,respond,line=3938,token,PASS,3938,"      respond(cached.ok, cached.payload, cached.error, {"
G11,line 8187 occurrence 1,8187,1,src/gateway/server-methods/chat.ts:3944--3965,src/gateway/server-methods/chat.ts,3944,3965,chatAbortedRuns,line=3944,token,PASS,3944,    const abortMarker = context.chatAbortedRuns.get(clientRunId);
G11,line 8192 occurrence 1,8192,1,src/gateway/server-methods/chat.ts:3945--3965,src/gateway/server-methods/chat.ts,3945,3965,chatAbortMarkerTimestampMs,line=3946,token,PASS,3946,      const abortedAt = chatAbortMarkerTimestampMs(abortMarker);
G11,line 8197 occurrence 1,8197,1,src/gateway/server-methods/chat.ts:3945--3965,src/gateway/server-methods/chat.ts,3945,3965,buildAbortedChatSendPayload,line=3947,token,PASS,3947,      const payload = buildAbortedChatSendPayload({
G11,line 8202 occurrence 1,8202,1,src/gateway/server-methods/chat.ts:3945--3965,src/gateway/server-methods/chat.ts,3945,3965,buildAbortedChatSendPayload,line=3947,token,PASS,3947,      const payload = buildAbortedChatSendPayload({
G11,line 8207 occurrence 1,8207,1,src/gateway/server-methods/chat.ts:3945--3965,src/gateway/server-methods/chat.ts,3945,3965,buildAbortedChatSendPayload,line=3947,token,PASS,3947,      const payload = buildAbortedChatSendPayload({
G11,line 8212 occurrence 1,8212,1,src/gateway/server-methods/chat.ts:3945--3965,src/gateway/server-methods/chat.ts,3945,3965,setGatewayDedupeEntry,line=3951,token,PASS,3951,      setGatewayDedupeEntry({
G11,line 8217 occurrence 1,8217,1,src/gateway/server-methods/chat.ts:3945--3965,src/gateway/server-methods/chat.ts,3945,3965,respond,line=3960,token,PASS,3960,"      respond(true, payload, undefined, {"
G11,line 8228 occurrence 1,8228,1,src/gateway/server-methods/chat.ts:3967--3978,src/gateway/server-methods/chat.ts,3967,3978,readPreRegisteredRun,line=3967,token,PASS,3967,    const pendingChatSend = readPreRegisteredRun({
G11,line 8233 occurrence 1,8233,1,src/gateway/server-methods/chat.ts:3967--3978,src/gateway/server-methods/chat.ts,3967,3978,readPreRegisteredRun,line=3967,token,PASS,3967,    const pendingChatSend = readPreRegisteredRun({
G11,line 8238 occurrence 1,8238,1,src/gateway/server-methods/chat.ts:3967--3978,src/gateway/server-methods/chat.ts,3967,3978,PENDING_CHAT_SEND_DEDUPE_PREFIX,line=3970,token,PASS,3970,"      keyPrefix: PENDING_CHAT_SEND_DEDUPE_PREFIX,"
G11,line 8243 occurrence 1,8243,1,src/gateway/server-methods/chat.ts:3967--3978,src/gateway/server-methods/chat.ts,3967,3978,PENDING_CHAT_SEND_DEDUPE_PREFIX,line=3970,token,PASS,3970,"      keyPrefix: PENDING_CHAT_SEND_DEDUPE_PREFIX,"
G11,line 8248 occurrence 1,8248,1,src/gateway/server-methods/chat.ts:3967--3978,src/gateway/server-methods/chat.ts,3967,3978,keyPrefix,line=3970,token,PASS,3970,"      keyPrefix: PENDING_CHAT_SEND_DEDUPE_PREFIX,"
G11,line 8253 occurrence 1,8253,1,src/gateway/server-methods/chat.ts:3967--3978,src/gateway/server-methods/chat.ts,3967,3978,in_flight,line=3973,token,PASS,3973,"      respond(true, { runId: clientRunId, status: ""in_flight"" as const }, undefined, {"
G11,line 8258 occurrence 1,8258,1,src/gateway/server-methods/chat.ts:3967--3978,src/gateway/server-methods/chat.ts,3967,3978,in_flight,line=3973,token,PASS,3973,"      respond(true, { runId: clientRunId, status: ""in_flight"" as const }, undefined, {"
G11,line 8263 occurrence 1,8263,1,src/gateway/server-methods/chat.ts:3967--3978,src/gateway/server-methods/chat.ts,3967,3978,in_flight,line=3973,token,PASS,3973,"      respond(true, { runId: clientRunId, status: ""in_flight"" as const }, undefined, {"
G11,line 8274 occurrence 1,8274,1,src/gateway/server-methods/chat.ts:3980--3987,src/gateway/server-methods/chat.ts,3980,3987,chatAbortControllers,line=3980,token,PASS,3980,    const activeExisting = context.chatAbortControllers.get(clientRunId);
G11,line 8279 occurrence 1,8279,1,src/gateway/server-methods/chat.ts:3980--3987,src/gateway/server-methods/chat.ts,3980,3987,chatAbortControllers,line=3980,token,PASS,3980,    const activeExisting = context.chatAbortControllers.get(clientRunId);
G11,line 8284 occurrence 1,8284,1,src/gateway/server-methods/chat.ts:3980--3987,src/gateway/server-methods/chat.ts,3980,3987,chatAbortControllers,line=3980,token,PASS,3980,    const activeExisting = context.chatAbortControllers.get(clientRunId);
G11,line 8289 occurrence 1,8289,1,src/gateway/server-methods/chat.ts:3980--3987,src/gateway/server-methods/chat.ts,3980,3987,in_flight,line=3982,token,PASS,3982,"      respond(true, { runId: clientRunId, status: ""in_flight"" as const }, undefined, {"
G11,line 8294 occurrence 1,8294,1,src/gateway/server-methods/chat.ts:3980--3987,src/gateway/server-methods/chat.ts,3980,3987,in_flight,line=3982,token,PASS,3982,"      respond(true, { runId: clientRunId, status: ""in_flight"" as const }, undefined, {"
G11,line 8305 occurrence 1,8305,1,src/gateway/server-methods/chat.ts:3988--3994,src/gateway/server-methods/chat.ts,3988,3994,chatQueuedTurns,line=3988,token,PASS,3988,    if (context.chatQueuedTurns?.has(clientRunId)) {
G11,line 8310 occurrence 1,8310,1,src/gateway/server-methods/chat.ts:3988--3994,src/gateway/server-methods/chat.ts,3988,3994,chatQueuedTurns,line=3988,token,PASS,3988,    if (context.chatQueuedTurns?.has(clientRunId)) {
G11,line 8315 occurrence 1,8315,1,src/gateway/server-methods/chat.ts:3988--3994,src/gateway/server-methods/chat.ts,3988,3994,in_flight,line=3989,token,PASS,3989,"      respond(true, { runId: clientRunId, status: ""in_flight"" as const }, undefined, {"
G11,line 8326 occurrence 1,8326,1,src/gateway/server-methods/chat.ts:3995--4000,src/gateway/server-methods/chat.ts,3995,4000,respondSessionRoutingChanged,line=3998,token,PASS,3998,      respondSessionRoutingChanged();
G11,line 8331 occurrence 1,8331,1,src/gateway/server-methods/chat.ts:3995--4000,src/gateway/server-methods/chat.ts,3995,4000,respondSessionRoutingChanged,line=3998,token,PASS,3998,      respondSessionRoutingChanged();
G11,line 8336 occurrence 1,8336,1,src/gateway/server-methods/chat.ts:3995--4000,src/gateway/server-methods/chat.ts,3995,4000,respondSessionRoutingChanged,line=3998,token,PASS,3998,      respondSessionRoutingChanged();
G11,line 8347 occurrence 1,8347,1,src/gateway/server-methods/chat.ts:4001--4005,src/gateway/server-methods/chat.ts,4001,4005,resolveSessionWorkStartError,line=4001,token,PASS,4001,"    const archivedSessionError = resolveSessionWorkStartError(sessionKey, entry);"
G11,line 8352 occurrence 1,8352,1,src/gateway/server-methods/chat.ts:4001--4005,src/gateway/server-methods/chat.ts,4001,4005,resolveSessionWorkStartError,line=4001,token,PASS,4001,"    const archivedSessionError = resolveSessionWorkStartError(sessionKey, entry);"
G11,line 8357 occurrence 1,8357,1,src/gateway/server-methods/chat.ts:4001--4005,src/gateway/server-methods/chat.ts,4001,4005,resolveSessionWorkStartError,line=4001,token,PASS,4001,"    const archivedSessionError = resolveSessionWorkStartError(sessionKey, entry);"
G11,line 8362 occurrence 1,8362,1,src/gateway/server-methods/chat.ts:4001--4005,src/gateway/server-methods/chat.ts,4001,4005,if,line=4002,token,PASS,4002,    if (archivedSessionError) {
G11,line 8554 occurrence 1,8554,1,src/gateway/server-methods/chat.ts:3936--3942,src/gateway/server-methods/chat.ts,3936,3942,dedupe,line=3936,token,PASS,3936,    const cached = context.dedupe.get(`chat:${clientRunId}`);
G11,line 8557 occurrence 1,8557,1,src/gateway/server-methods/chat.ts:3944--3965,src/gateway/server-methods/chat.ts,3944,3965,aborted,line=3946,token,PASS,3946,      const abortedAt = chatAbortMarkerTimestampMs(abortMarker);
G11,line 8560 occurrence 1,8560,1,src/gateway/server-methods/chat.ts:3967--3994,src/gateway/server-methods/chat.ts,3967,3994,dedupe,line=3969,token,PASS,3969,"      entry: context.dedupe.get(pendingChatSendKey),"
G11,line 8563 occurrence 1,8563,1,src/gateway/server-methods/chat.ts:3995--4000,src/gateway/server-methods/chat.ts,3995,4000,dispatch,line=3996,token,PASS,3996,    // must remain queryable after config changes. Gate only a new dispatch.
G11,line 8566 occurrence 1,8566,1,src/gateway/server-methods/chat.ts:4001--4005,src/gateway/server-methods/chat.ts,4001,4005,Session,line=4001,token,PASS,4001,"    const archivedSessionError = resolveSessionWorkStartError(sessionKey, entry);"
G11,line 8569 occurrence 1,8569,1,src/gateway/server-methods/chat.ts:3803,src/gateway/server-methods/chat.ts,3803,3803,at,line=3803,token,PASS,3803,    const pendingChatSendKey = pendingChatSendDedupeKey(clientRunId);
G11,line 8645 occurrence 1,8645,1,chat.ts:3936--3942,src/gateway/server-methods/chat.ts,3936,3942,clientRunId,line=3936,token,PASS,3936,    const cached = context.dedupe.get(`chat:${clientRunId}`);
G11,line 8658 occurrence 1,8658,1,chat.ts:3944--3965,src/gateway/server-methods/chat.ts,3944,3965,buildAbortedChatSendPayload,line=3947,token,PASS,3947,      const payload = buildAbortedChatSendPayload({
G11,line 8671 occurrence 1,8671,1,chat.ts:3967--3978,src/gateway/server-methods/chat.ts,3967,3978,PENDING_CHAT_SEND_DEDUPE_PREFIX,line=3970,token,PASS,3970,"      keyPrefix: PENDING_CHAT_SEND_DEDUPE_PREFIX,"
G11,line 8682 occurrence 1,8682,1,chat.ts:3980--3987,src/gateway/server-methods/chat.ts,3980,3987,chatAbortControllers,line=3980,token,PASS,3980,    const activeExisting = context.chatAbortControllers.get(clientRunId);
G11,line 8691 occurrence 1,8691,1,chat.ts:3988--3994,src/gateway/server-methods/chat.ts,3988,3994,chatQueuedTurns,line=3988,token,PASS,3988,    if (context.chatQueuedTurns?.has(clientRunId)) {
G11,line 8700 occurrence 1,8700,1,chat.ts:3995--4000,src/gateway/server-methods/chat.ts,3995,4000,respondSessionRoutingChanged,line=3998,token,PASS,3998,      respondSessionRoutingChanged();
G11,line 8711 occurrence 1,8711,1,chat.ts:4001--4005,src/gateway/server-methods/chat.ts,4001,4005,resolveSessionWorkStartError,line=4001,token,PASS,4001,"    const archivedSessionError = resolveSessionWorkStartError(sessionKey, entry);"
G12,line 8801 occurrence 1,8801,1,src/gateway/server-methods/chat.ts:4025,src/gateway/server-methods/chat.ts,4025,4025,getAgentEventLifecycleGeneration,line=4025,token,PASS,4025,    const lifecycleGeneration = getAgentEventLifecycleGeneration();
G12,line 8806 occurrence 1,8806,1,src/infra/agent-events.ts:195--197,src/infra/agent-events.ts,195,197,getAgentEventLifecycleGeneration,line=195,token,PASS,195,export function getAgentEventLifecycleGeneration(): string {
G12,line 8817 occurrence 1,8817,1,src/gateway/server-methods/chat.ts:4026,src/gateway/server-methods/chat.ts,4026,4026,randomUUID,line=4026,token,PASS,4026,    const pendingAttemptId = randomUUID();
G12,line 8822 occurrence 1,8822,1,src/gateway/server-methods/chat.ts:4027,src/gateway/server-methods/chat.ts,4027,4027,resolveChatRunExpiresAtMs,line=4027,token,PASS,4027,"    const pendingExpiresAtMs = resolveChatRunExpiresAtMs({ now, timeoutMs });"
G12,line 8827 occurrence 1,8827,1,src/gateway/server-methods/chat.ts:4027,src/gateway/server-methods/chat.ts,4027,4027,resolveChatRunExpiresAtMs,line=4027,token,PASS,4027,"    const pendingExpiresAtMs = resolveChatRunExpiresAtMs({ now, timeoutMs });"
G12,line 8832 occurrence 1,8832,1,src/gateway/server-methods/chat.ts:4027,src/gateway/server-methods/chat.ts,4027,4027,timeoutMs,line=4027,token,PASS,4027,"    const pendingExpiresAtMs = resolveChatRunExpiresAtMs({ now, timeoutMs });"
G12,line 8837 occurrence 1,8837,1,src/gateway/server-methods/chat.ts:4030--4047,src/gateway/server-methods/chat.ts,4030,4047,sessionKey,line=4037,token,PASS,4037,"        sessionKey,"
G12,line 8842 occurrence 1,8842,1,src/gateway/server-methods/chat.ts:4030--4047,src/gateway/server-methods/chat.ts,4030,4047,sessionKey,line=4037,token,PASS,4037,"        sessionKey,"
G12,line 8847 occurrence 1,8847,1,src/gateway/server-methods/chat.ts:4030--4047,src/gateway/server-methods/chat.ts,4030,4047,sessionKey,line=4037,token,PASS,4037,"        sessionKey,"
G12,line 8858 occurrence 1,8858,1,src/gateway/server-methods/chat.ts:4061,src/gateway/server-methods/chat.ts,4061,4061,admittedSessionId,line=4061,function-range-line-not-pinned,PASS,4061,    let admittedSessionId = backingSessionId ?? clientRunId;
G12,line 8863 occurrence 1,8863,1,src/gateway/server-methods/chat.ts:4062--4063,src/gateway/server-methods/chat.ts,4062,4063,gateway,line=4062,token,PASS,4062,    let gatewayWorkAdmission: Awaited<ReturnType<typeof beginSessionWorkAdmission>> | undefined;
G12,line 8868 occurrence 1,8868,1,src/gateway/server-methods/chat.ts:4064,src/gateway/server-methods/chat.ts,4064,4064,reservationSuperseded,line=4064,function-range-line-not-pinned,PASS,4064,    let reservationSuperseded = false;
G12,line 8879 occurrence 1,8879,1,src/gateway/server-methods/chat.ts:4067--4163,src/gateway/server-methods/chat.ts,4067,4163,beginSessionWorkAdmission,line=4067,token,PASS,4067,      gatewayWorkAdmission = await beginSessionWorkAdmission({
G12,line 8884 occurrence 1,8884,1,src/gateway/server-methods/chat.ts:4068,src/gateway/server-methods/chat.ts,4068,4068,scope,line=4068,token,PASS,4068,"        scope: storePath,"
G12,line 8889 occurrence 1,8889,1,src/gateway/server-methods/chat.ts:4069,src/gateway/server-methods/chat.ts,4069,4069,identities,line=4069,token,PASS,4069,"        identities: [sessionKey, backingSessionId],"
G12,line 8894 occurrence 1,8894,1,src/gateway/server-methods/chat.ts:4070--4155,src/gateway/server-methods/chat.ts,4070,4155,assertAllowed,line=4070,token,PASS,4070,        assertAllowed: () => {
G12,line 8899 occurrence 1,8899,1,src/gateway/server-methods/chat.ts:4157--4162,src/gateway/server-methods/chat.ts,4157,4162,onInterrupt,line=4157,token,PASS,4157,        onInterrupt: () => {
G12,line 8904 occurrence 1,8904,1,src/sessions/session-lifecycle-admission.ts:327--378,src/sessions/session-lifecycle-admission.ts,327,378,onInterrupt,line=331,token,PASS,331,  onInterrupt?: () => void;
G12,line 8915 occurrence 1,8915,1,src/gateway/server-methods/chat.ts:4070--4155,src/gateway/server-methods/chat.ts,4070,4155,chatAbortedRuns,line=4071,token,PASS,4071,          if (context.chatAbortedRuns.has(clientRunId)) {
G12,line 8920 occurrence 1,8920,1,src/gateway/server-methods/chat.ts:4071--4073,src/gateway/server-methods/chat.ts,4071,4073,chatAbortedRuns,line=4071,token,PASS,4071,          if (context.chatAbortedRuns.has(clientRunId)) {
G12,line 8925 occurrence 1,8925,1,src/gateway/server-methods/chat.ts:4071--4073,src/gateway/server-methods/chat.ts,4071,4073,chatAbortedRuns,line=4071,token,PASS,4071,          if (context.chatAbortedRuns.has(clientRunId)) {
G12,line 8930 occurrence 1,8930,1,src/gateway/server-methods/chat.ts:4074--4078,src/gateway/server-methods/chat.ts,4074,4078,readPreRegisteredRun,line=4074,token,PASS,4074,          const pendingReservation = readPreRegisteredRun({
G12,line 8935 occurrence 1,8935,1,src/gateway/server-methods/chat.ts:4079--4085,src/gateway/server-methods/chat.ts,4079,4085,attemptId,line=4081,token,PASS,4081,            normalizeUnknownText(pendingReservation.payload.attemptId) !== pendingAttemptId
G12,line 8940 occurrence 1,8940,1,src/gateway/server-methods/chat.ts:4079--4085,src/gateway/server-methods/chat.ts,4079,4085,attemptId,line=4081,token,PASS,4081,            normalizeUnknownText(pendingReservation.payload.attemptId) !== pendingAttemptId
G12,line 8945 occurrence 1,8945,1,src/gateway/server-methods/chat.ts:4079--4085,src/gateway/server-methods/chat.ts,4079,4085,pending,line=4080,token,PASS,4080,            pendingReservation &&
G12,line 8950 occurrence 1,8950,1,src/gateway/server-methods/chat.ts:4086--4093,src/gateway/server-methods/chat.ts,4086,4093,terminal,line=4087,token,PASS,4087,            const terminalResult = context.dedupe.get(`chat:${clientRunId}`);
G12,line 8955 occurrence 1,8955,1,src/gateway/server-methods/chat.ts:4086--4093,src/gateway/server-methods/chat.ts,4086,4093,reservation,line=4089,token,PASS,4089,              reservationSuperseded = true;
G12,line 8960 occurrence 1,8960,1,src/gateway/server-methods/chat.ts:4086--4093,src/gateway/server-methods/chat.ts,4086,4093,reservation,line=4089,token,PASS,4089,              reservationSuperseded = true;
G12,line 8971 occurrence 1,8971,1,src/gateway/server-methods/chat.ts:4094--4103,src/gateway/server-methods/chat.ts,4094,4103,getAgentEventLifecycleGeneration,line=4094,token,PASS,4094,          if (lifecycleGeneration !== getAgentEventLifecycleGeneration()) {
G12,line 8976 occurrence 1,8976,1,src/gateway/server-methods/chat.ts:4094--4103,src/gateway/server-methods/chat.ts,4094,4103,getAgentEventLifecycleGeneration,line=4094,token,PASS,4094,          if (lifecycleGeneration !== getAgentEventLifecycleGeneration()) {
G12,line 8981 occurrence 1,8981,1,src/gateway/server-methods/chat.ts:4094--4103,src/gateway/server-methods/chat.ts,4094,4103,writePreRegisteredChatAbort,line=4095,token,PASS,4095,            writePreRegisteredChatAbort({
G12,line 8986 occurrence 1,8986,1,src/gateway/server-methods/chat.ts:4104--4116,src/gateway/server-methods/chat.ts,4104,4116,writePreRegisteredChatAbort,line=4109,token,PASS,4109,            writePreRegisteredChatAbort({
G12,line 8991 occurrence 1,8991,1,src/gateway/server-methods/chat.ts:4104--4116,src/gateway/server-methods/chat.ts,4104,4116,writePreRegisteredChatAbort,line=4109,token,PASS,4109,            writePreRegisteredChatAbort({
G12,line 8996 occurrence 1,8996,1,src/gateway/server-methods/chat.ts:4104--4116,src/gateway/server-methods/chat.ts,4104,4116,writePreRegisteredChatAbort,line=4109,token,PASS,4109,            writePreRegisteredChatAbort({
G12,line 9007 occurrence 1,9007,1,src/gateway/server-methods/chat.ts:4117,src/gateway/server-methods/chat.ts,4117,4117,loadSessionEntry,line=4117,token,PASS,4117,"          const latestSession = loadSessionEntry(rawSessionKey, sessionLoadOptions);"
G12,line 9012 occurrence 1,9012,1,src/gateway/server-methods/chat.ts:4118--4120,src/gateway/server-methods/chat.ts,4118,4120,SESSION_ROUTING_CHANGED,line=4119,token,PASS,4119,            throw new Error(SESSION_ROUTING_CHANGED_ERROR_REASON);
G12,line 9017 occurrence 1,9017,1,src/gateway/server-methods/chat.ts:4118--4120,src/gateway/server-methods/chat.ts,4118,4120,SESSION_ROUTING_CHANGED,line=4119,token,PASS,4119,            throw new Error(SESSION_ROUTING_CHANGED_ERROR_REASON);
G12,line 9022 occurrence 1,9022,1,src/gateway/server-methods/chat.ts:4121,src/gateway/server-methods/chat.ts,4121,4121,latestEntry,line=4121,function-range-line-not-pinned,PASS,4121,          const latestEntry = latestSession.entry;
G12,line 9027 occurrence 1,9027,1,src/gateway/server-methods/chat.ts:4122--4124,src/gateway/server-methods/chat.ts,4122,4124,starting,line=4123,token,PASS,4123,"            throw new Error(`Session ""${sessionKey}"" was deleted while starting work. Retry.`);"
G12,line 9032 occurrence 1,9032,1,src/gateway/server-methods/chat.ts:4122--4124,src/gateway/server-methods/chat.ts,4122,4124,starting,line=4123,token,PASS,4123,"            throw new Error(`Session ""${sessionKey}"" was deleted while starting work. Retry.`);"
G12,line 9043 occurrence 1,9043,1,src/gateway/server-methods/chat.ts:4125--4132,src/gateway/server-methods/chat.ts,4125,4132,sessionId,line=4129,token,PASS,4129,            latestEntry?.sessionId &&
G12,line 9048 occurrence 1,9048,1,src/gateway/server-methods/chat.ts:4125--4132,src/gateway/server-methods/chat.ts,4125,4132,sessionId,line=4129,token,PASS,4129,            latestEntry?.sessionId &&
G12,line 9053 occurrence 1,9053,1,src/gateway/server-methods/chat.ts:4125--4132,src/gateway/server-methods/chat.ts,4125,4132,sessionId,line=4129,token,PASS,4129,            latestEntry?.sessionId &&
G12,line 9058 occurrence 1,9058,1,src/gateway/server-methods/chat.ts:4133--4136,src/gateway/server-methods/chat.ts,4133,4136,resolveSessionWorkStartError,line=4134,token,PASS,4134,"          const archivedError = resolveSessionWorkStartError(sessionKey, latestEntry);"
G12,line 9063 occurrence 1,9063,1,src/gateway/server-methods/chat.ts:4133--4136,src/gateway/server-methods/chat.ts,4133,4136,resolveSessionWorkStartError,line=4134,token,PASS,4134,"          const archivedError = resolveSessionWorkStartError(sessionKey, latestEntry);"
G12,line 9068 occurrence 1,9068,1,src/gateway/server-methods/chat.ts:4134--4138,src/gateway/server-methods/chat.ts,4134,4138,sessionId,line=4138,token,PASS,4138,          admittedSessionId = latestEntry?.sessionId ?? backingSessionId ?? clientRunId;
G12,line 9073 occurrence 1,9073,1,src/gateway/server-methods/chat.ts:4134--4138,src/gateway/server-methods/chat.ts,4134,4138,sessionId,line=4138,token,PASS,4138,          admittedSessionId = latestEntry?.sessionId ?? backingSessionId ?? clientRunId;
G12,line 9084 occurrence 1,9084,1,src/gateway/server-methods/chat.ts:4139--4155,src/gateway/server-methods/chat.ts,4139,4155,registerChatAbortController,line=4139,token,PASS,4139,          admittedRunAbort = registerChatAbortController({
G12,line 9089 occurrence 1,9089,1,src/gateway/server-methods/chat.ts:4139--4155,src/gateway/server-methods/chat.ts,4139,4155,registerChatAbortController,line=4139,token,PASS,4139,          admittedRunAbort = registerChatAbortController({
G12,line 9094 occurrence 1,9094,1,src/gateway/server-methods/chat.ts:4139--4155,src/gateway/server-methods/chat.ts,4139,4155,sessionKey,line=4143,token,PASS,4143,"            sessionKey,"
G12,line 9099 occurrence 1,9099,1,src/gateway/server-methods/chat.ts:4139--4155,src/gateway/server-methods/chat.ts,4139,4155,sessionKey,line=4143,token,PASS,4143,"            sessionKey,"
G12,line 9104 occurrence 1,9104,1,src/gateway/server-methods/chat.ts:4139--4155,src/gateway/server-methods/chat.ts,4139,4155,sessionKey,line=4143,token,PASS,4143,"            sessionKey,"
G12,line 9109 occurrence 1,9109,1,src/gateway/server-methods/chat.ts:4139--4155,src/gateway/server-methods/chat.ts,4139,4155,lifecycleGeneration,line=4154,token,PASS,4154,"            lifecycleGeneration,"
G12,line 9114 occurrence 1,9114,1,src/gateway/server-methods/chat.ts:4139--4155,src/gateway/server-methods/chat.ts,4139,4155,lifecycleGeneration,line=4154,token,PASS,4154,"            lifecycleGeneration,"
G12,line 9119 occurrence 1,9119,1,src/gateway/chat-abort.ts:146,src/gateway/chat-abort.ts,146,146,export,line=146,function-range-line-not-pinned,PASS,146,export function registerChatAbortController(params: {
G12,line 9130 occurrence 1,9130,1,src/gateway/server-methods/chat.ts:4165--4172,src/gateway/server-methods/chat.ts,4165,4172,clearPendingChatSendReservation,line=4165,token,PASS,4165,      clearPendingChatSendReservation();
G12,line 9135 occurrence 1,9135,1,src/gateway/server-methods/chat.ts:4173,src/gateway/server-methods/chat.ts,4173,4173,clearPendingChatSendReservation,line=4173,token,PASS,4173,    clearPendingChatSendReservation();
G12,line 9140 occurrence 1,9140,1,src/gateway/server-methods/chat.ts:4174--4188,src/gateway/server-methods/chat.ts,4174,4188,gateway,line=4176,token,PASS,4176,      gatewayWorkAdmission.release();
G12,line 9145 occurrence 1,9145,1,src/gateway/server-methods/chat.ts:4189--4212,src/gateway/server-methods/chat.ts,4189,4212,lifecycle,line=4191,token,PASS,4191,    if (lifecycleGeneration !== getAgentEventLifecycleGeneration()) {
G12,line 9150 occurrence 1,9150,1,src/gateway/server-methods/chat.ts:4213--4225,src/gateway/server-methods/chat.ts,4213,4225,admission,line=4225,token,PASS,4225,"      respond(false, undefined, errorShape(ErrorCodes.UNAVAILABLE, ""chat run admission failed""));"
G12,line 9155 occurrence 1,9155,1,src/gateway/server-methods/chat.ts:4226--4235,src/gateway/server-methods/chat.ts,4226,4235,registered,line=4228,token,PASS,4228,    if (!activeRunAbort.registered) {
G12,line 9166 occurrence 1,9166,1,src/gateway/server-methods/chat.ts:4240--4244,src/gateway/server-methods/chat.ts,4240,4244,claimAgentRunContext,line=4240,token,PASS,4240,"    claimAgentRunContext(clientRunId, {"
G12,line 9171 occurrence 1,9171,1,src/gateway/server-methods/chat.ts:4240--4244,src/gateway/server-methods/chat.ts,4240,4244,claimAgentRunContext,line=4240,token,PASS,4240,"    claimAgentRunContext(clientRunId, {"
G12,line 9176 occurrence 1,9176,1,src/gateway/server-methods/chat.ts:4240--4244,src/gateway/server-methods/chat.ts,4240,4244,lifecycleGeneration,line=4243,token,PASS,4243,"      lifecycleGeneration,"
G12,line 9181 occurrence 1,9181,1,src/gateway/server-methods/chat.ts:4240--4244,src/gateway/server-methods/chat.ts,4240,4244,lifecycleGeneration,line=4243,token,PASS,4243,"      lifecycleGeneration,"
G12,line 9186 occurrence 1,9186,1,src/infra/agent-events.ts:277,src/infra/agent-events.ts,277,277,export,line=277,function-range-line-not-pinned,PASS,277,export function claimAgentRunContext(
G12,line 9426 occurrence 1,9426,1,src/gateway/server-methods/chat.ts:4025--4047,src/gateway/server-methods/chat.ts,4025,4047,reservation,line=4029,token,PASS,4029,    // must reject an expired/missing reservation instead of reviving evicted work.
G12,line 9429 occurrence 1,9429,1,src/gateway/server-methods/chat.ts:4067--4163,src/gateway/server-methods/chat.ts,4067,4163,reservation,line=4083,token,PASS,4083,            reservationSuperseded = true;
G12,line 9432 occurrence 1,9432,1,src/sessions/session-lifecycle-admission.ts:327--378,src/sessions/session-lifecycle-admission.ts,327,378,Lifecycle,line=335,token,PASS,335,  return await runExclusiveSessionLifecycle({
G12,line 9435 occurrence 1,9435,1,src/gateway/server-methods/chat.ts:4117--4138,src/gateway/server-methods/chat.ts,4117,4138,capture,line=4125,token,PASS,4125,          // Admission can queue behind reset. Never route a request captured
G12,line 9438 occurrence 1,9438,1,src/gateway/server-methods/chat.ts:4139--4155,src/gateway/server-methods/chat.ts,4139,4155,lifecycle,line=4154,token,PASS,4154,"            lifecycleGeneration,"
G12,line 9441 occurrence 1,9441,1,src/gateway/server-methods/chat.ts:4173--4235,src/gateway/server-methods/chat.ts,4173,4235,admission,line=4225,token,PASS,4225,"      respond(false, undefined, errorShape(ErrorCodes.UNAVAILABLE, ""chat run admission failed""));"
G12,line 9444 occurrence 1,9444,1,src/gateway/server-methods/chat.ts:4240--4244,src/gateway/server-methods/chat.ts,4240,4244,claim,line=4240,token,PASS,4240,"    claimAgentRunContext(clientRunId, {"
G12,line 9521 occurrence 1,9521,1,chat.ts:4025,src/gateway/server-methods/chat.ts,4025,4025,getAgentEventLifecycleGeneration,line=4025,token,PASS,4025,    const lifecycleGeneration = getAgentEventLifecycleGeneration();
G12,line 9521 occurrence 2,9521,2,agent-events.ts:195--197,src/infra/agent-events.ts,195,197,getAgentEventLifecycleGeneration,line=195,token,PASS,195,export function getAgentEventLifecycleGeneration(): string {
G12,line 9529 occurrence 1,9529,1,chat.ts:4026--4047,src/gateway/server-methods/chat.ts,4026,4047,resolveChatRunExpiresAtMs,line=4027,token,PASS,4027,"    const pendingExpiresAtMs = resolveChatRunExpiresAtMs({ now, timeoutMs });"
G12,line 9538 occurrence 1,9538,1,chat.ts:4067--4163,src/gateway/server-methods/chat.ts,4067,4163,beginSessionWorkAdmission,line=4067,token,PASS,4067,      gatewayWorkAdmission = await beginSessionWorkAdmission({
G12,line 9539 occurrence 1,9539,1,session-lifecycle-admission.ts:327--378,src/sessions/session-lifecycle-admission.ts,327,378,beginSessionWorkAdmission,line=327,token,PASS,327,export async function beginSessionWorkAdmission(params: {
G12,line 9547 occurrence 1,9547,1,chat.ts:4070--4093,src/gateway/server-methods/chat.ts,4070,4093,readPreRegisteredRun,line=4074,token,PASS,4074,          const pendingReservation = readPreRegisteredRun({
G12,line 9552 occurrence 1,9552,1,chat.ts:4094--4116,src/gateway/server-methods/chat.ts,4094,4116,lifecycleGeneration,line=4094,token,PASS,4094,          if (lifecycleGeneration !== getAgentEventLifecycleGeneration()) {
G12,line 9558 occurrence 1,9558,1,chat.ts:4117,src/gateway/server-methods/chat.ts,4117,4117,sessionLoadOptions,line=4117,token,PASS,4117,"          const latestSession = loadSessionEntry(rawSessionKey, sessionLoadOptions);"
G12,line 9566 occurrence 1,9566,1,chat.ts:4118--4138,src/gateway/server-methods/chat.ts,4118,4138,resolveSessionWorkStartError,line=4134,token,PASS,4134,"          const archivedError = resolveSessionWorkStartError(sessionKey, latestEntry);"
G12,line 9576 occurrence 1,9576,1,chat.ts:4139--4155,src/gateway/server-methods/chat.ts,4139,4155,registerChatAbortController,line=4139,token,PASS,4139,          admittedRunAbort = registerChatAbortController({
G12,line 9585 occurrence 1,9585,1,chat.ts:4173--4235,src/gateway/server-methods/chat.ts,4173,4235,reservationSuperseded,line=4175,token,PASS,4175,    if (reservationSuperseded) {
G12,line 9591 occurrence 1,9591,1,chat.ts:4240--4244,src/gateway/server-methods/chat.ts,4240,4244,claimAgentRunContext,line=4240,token,PASS,4240,"    claimAgentRunContext(clientRunId, {"
G13,line 9676 occurrence 1,9676,1,chat.ts:4475,src/gateway/server-methods/chat.ts,4475,4475,trim,line=4475,token,PASS,4475,      const trimmedMessage = parsedMessage.trim();
G13,line 9681 occurrence 1,9681,1,chat.ts:4476,src/gateway/server-methods/chat.ts,4476,4476,mm,line=4476,token,PASS,4476,      const commandBody = parsedMessage;
G13,line 9686 occurrence 1,9686,1,chat.ts:4477--4478,src/gateway/server-methods/chat.ts,4477,4478,text,line=4478,token,PASS,4478,"        !suppressCommandInterpretation && trimmedMessage.startsWith(""/"") ? ""text"" : undefined;"
G13,line 9691 occurrence 1,9691,1,chat.ts:4477--4478,src/gateway/server-methods/chat.ts,4477,4478,text,line=4478,token,PASS,4478,"        !suppressCommandInterpretation && trimmedMessage.startsWith(""/"") ? ""text"" : undefined;"
G13,line 9696 occurrence 1,9696,1,chat.ts:4477--4478,src/gateway/server-methods/chat.ts,4477,4478,text,line=4478,token,PASS,4478,"        !suppressCommandInterpretation && trimmedMessage.startsWith(""/"") ? ""text"" : undefined;"
G13,line 9701 occurrence 1,9701,1,chat.ts:4479--4481,src/gateway/server-methods/chat.ts,4479,4481,messageForAgent,line=4479,function-range-line-not-pinned,PASS,4479,      const messageForAgent = systemProvenanceReceipt
G13,line 9706 occurrence 1,9706,1,chat.ts:4479--4481,src/gateway/server-methods/chat.ts,4479,4481,messageForAgent,line=4479,function-range-line-not-pinned,PASS,4479,      const messageForAgent = systemProvenanceReceipt
G13,line 9711 occurrence 1,9711,1,chat.ts:4479--4481,src/gateway/server-methods/chat.ts,4479,4481,messageForAgent,line=4479,function-range-line-not-pinned,PASS,4479,      const messageForAgent = systemProvenanceReceipt
G13,line 9727 occurrence 1,9727,1,chat.ts:4482,src/gateway/server-methods/chat.ts,4482,4482,normalizeOptionalText,line=4482,token,PASS,4482,      const queuedFollowupOwnerDeviceId = normalizeOptionalText(client?.connect?.device?.id);
G13,line 9732 occurrence 1,9732,1,chat.ts:4483,src/gateway/server-methods/chat.ts,4483,4483,normalizeOptionalText,line=4483,token,PASS,4483,      const queuedFollowupOwnerConnId = normalizeOptionalText(client?.connId);
G13,line 9737 occurrence 1,9737,1,chat.ts:4484--4488,src/gateway/server-methods/chat.ts,4484,4488,connection,line=4487,token,PASS,4487,          ? `connection:${queuedFollowupOwnerConnId}`
G13,line 9742 occurrence 1,9742,1,chat.ts:4489--4495,src/gateway/server-methods/chat.ts,4489,4495,or,line=4490,token,PASS,4490,"        originatingChannel,"
G13,line 9747 occurrence 1,9747,1,chat.ts:4489--4495,src/gateway/server-methods/chat.ts,4489,4495,originatingChannel,line=4490,function-range-line-not-pinned,PASS,4490,"        originatingChannel,"
G13,line 9764 occurrence 1,9764,1,chat.ts:4503--4545,src/gateway/server-methods/chat.ts,4503,4545,MsgContext,line=4503,token,PASS,4503,      const ctx: MsgContext = {
G13,line 9769 occurrence 1,9769,1,chat.ts:4504,src/gateway/server-methods/chat.ts,4504,4504,Body,line=4504,token,PASS,4504,"        Body: messageForAgent,"
G13,line 9774 occurrence 1,9774,1,chat.ts:4505,src/gateway/server-methods/chat.ts,4505,4505,BodyForAgent,line=4505,token,PASS,4505,"        BodyForAgent: messageForAgent,"
G13,line 9779 occurrence 1,9779,1,chat.ts:4506,src/gateway/server-methods/chat.ts,4506,4506,BodyForCommands,line=4506,token,PASS,4506,"        BodyForCommands: commandBody,"
G13,line 9784 occurrence 1,9784,1,chat.ts:4507,src/gateway/server-methods/chat.ts,4507,4507,RawBody,line=4507,token,PASS,4507,"        RawBody: parsedMessage,"
G13,line 9789 occurrence 1,9789,1,chat.ts:4508,src/gateway/server-methods/chat.ts,4508,4508,CommandBody,line=4508,token,PASS,4508,"        CommandBody: commandBody,"
G13,line 9794 occurrence 1,9794,1,chat.ts:4509,src/gateway/server-methods/chat.ts,4509,4509,InputProvenance,line=4509,token,PASS,4509,"        InputProvenance: systemInputProvenance,"
G13,line 9799 occurrence 1,9799,1,chat.ts:4510,src/gateway/server-methods/chat.ts,4510,4510,SessionKey,line=4510,token,PASS,4510,"        SessionKey: sessionKey,"
G13,line 9804 occurrence 1,9804,1,chat.ts:4511,src/gateway/server-methods/chat.ts,4511,4511,AgentId,line=4511,token,PASS,4511,"        AgentId: agentId,"
G13,line 9809 occurrence 1,9809,1,chat.ts:4512,src/gateway/server-methods/chat.ts,4512,4512,INTERNAL_MESSAGE_CHANNEL,line=4512,token,PASS,4512,"        Provider: INTERNAL_MESSAGE_CHANNEL,"
G13,line 9814 occurrence 1,9814,1,chat.ts:4513,src/gateway/server-methods/chat.ts,4513,4513,INTERNAL_MESSAGE_CHANNEL,line=4513,token,PASS,4513,"        Surface: INTERNAL_MESSAGE_CHANNEL,"
G13,line 9819 occurrence 1,9819,1,chat.ts:4514,src/gateway/server-methods/chat.ts,4514,4514,OriginatingChannel,line=4514,token,PASS,4514,"        OriginatingChannel: originatingChannel,"
G13,line 9824 occurrence 1,9824,1,chat.ts:4515,src/gateway/server-methods/chat.ts,4515,4515,OriginatingTo,line=4515,token,PASS,4515,"        OriginatingTo: originatingTo,"
G13,line 9829 occurrence 1,9829,1,chat.ts:4516,src/gateway/server-methods/chat.ts,4516,4516,ExplicitDeliverRoute,line=4516,token,PASS,4516,"        ExplicitDeliverRoute: explicitDeliverRoute,"
G13,line 9834 occurrence 1,9834,1,chat.ts:4517,src/gateway/server-methods/chat.ts,4517,4517,AccountId,line=4517,token,PASS,4517,"        AccountId: accountId,"
G13,line 9839 occurrence 1,9839,1,chat.ts:4518,src/gateway/server-methods/chat.ts,4518,4518,MessageThreadId,line=4518,token,PASS,4518,"        MessageThreadId: messageThreadId,"
G13,line 9844 occurrence 1,9844,1,chat.ts:4519,src/gateway/server-methods/chat.ts,4519,4519,direct,line=4519,token,PASS,4519,"        ChatType: ""direct"","
G13,line 9860 occurrence 1,9860,1,chat.ts:4520,src/gateway/server-methods/chat.ts,4520,4520,command,line=4520,token,PASS,4520,"        ...(commandSource ? { CommandSource: commandSource } : {}),"
G13,line 9865 occurrence 1,9865,1,chat.ts:4521,src/gateway/server-methods/chat.ts,4521,4521,CommandAuthorized,line=4521,token,PASS,4521,"        CommandAuthorized: !suppressCommandInterpretation,"
G13,line 9870 occurrence 1,9870,1,chat.ts:4522--4534,src/gateway/server-methods/chat.ts,4522,4534,CommandTurn,line=4522,token,PASS,4522,        CommandTurn: commandSource
G13,line 9875 occurrence 1,9875,1,chat.ts:4522--4528,src/gateway/server-methods/chat.ts,4522,4528,CommandTurn,line=4522,token,PASS,4522,        CommandTurn: commandSource
G13,line 9880 occurrence 1,9880,1,chat.ts:4522--4534,src/gateway/server-methods/chat.ts,4522,4534,authorized,line=4526,token,PASS,4526,"              authorized: true,"
G13,line 9885 occurrence 1,9885,1,chat.ts:4529--4534,src/gateway/server-methods/chat.ts,4529,4534,authorized,line=4532,token,PASS,4532,"              authorized: false,"
G13,line 9890 occurrence 1,9890,1,chat.ts:4522--4534,src/gateway/server-methods/chat.ts,4522,4534,authorized,line=4526,token,PASS,4526,"              authorized: true,"
G13,line 9906 occurrence 1,9906,1,chat.ts:4535,src/gateway/server-methods/chat.ts,4535,4535,client,line=4535,token,PASS,4535,"        MessageSid: clientRunId,"
G13,line 9911 occurrence 1,9911,1,chat.ts:4536,src/gateway/server-methods/chat.ts,4536,4536,ApprovalReviewerDeviceId,line=4536,token,PASS,4536,"        ApprovalReviewerDeviceId: queuedFollowupOwnerDeviceId,"
G13,line 9916 occurrence 1,9916,1,chat.ts:4537--4543,src/gateway/server-methods/chat.ts,4537,4543,isOperatorUiClient,line=4537,token,PASS,4537,        ...(!isOperatorUiClient(clientInfo)
G13,line 9921 occurrence 1,9921,1,chat.ts:4537--4543,src/gateway/server-methods/chat.ts,4537,4543,isOperatorUiClient,line=4537,token,PASS,4537,        ...(!isOperatorUiClient(clientInfo)
G13,line 9926 occurrence 1,9926,1,chat.ts:4544,src/gateway/server-methods/chat.ts,4544,4544,connect,line=4544,token,PASS,4544,"        GatewayClientScopes: client?.connect?.scopes ?? [],"
G13,line 9931 occurrence 1,9931,1,chat.ts:4503--4545,src/gateway/server-methods/chat.ts,4503,4545,connect,line=4544,token,PASS,4544,"        GatewayClientScopes: client?.connect?.scopes ?? [],"
G13,line 9948 occurrence 1,9948,1,chat.ts:4548--4559,src/gateway/server-methods/chat.ts,4548,4559,MediaPath,line=4553,token,PASS,4553,        // prestageMediaPathOffloads.
G13,line 9953 occurrence 1,9953,1,chat.ts:4554,src/gateway/server-methods/chat.ts,4554,4554,MediaPath,line=4554,token,PASS,4554,        ctx.MediaPath = mediaPathOffloadPaths[0];
G13,line 9958 occurrence 1,9958,1,chat.ts:4555,src/gateway/server-methods/chat.ts,4555,4555,MediaPaths,line=4555,token,PASS,4555,        ctx.MediaPaths = mediaPathOffloadPaths;
G13,line 9963 occurrence 1,9963,1,chat.ts:4556,src/gateway/server-methods/chat.ts,4556,4556,MediaType,line=4556,token,PASS,4556,        ctx.MediaType = mediaPathOffloadTypes[0];
G13,line 9968 occurrence 1,9968,1,chat.ts:4557,src/gateway/server-methods/chat.ts,4557,4557,MediaTypes,line=4557,token,PASS,4557,        ctx.MediaTypes = mediaPathOffloadTypes;
G13,line 9973 occurrence 1,9973,1,chat.ts:4558,src/gateway/server-methods/chat.ts,4558,4558,MediaWorkspaceDir,line=4558,token,PASS,4558,        ctx.MediaWorkspaceDir = mediaPathOffloadWorkspaceDir;
G13,line 9978 occurrence 1,9978,1,chat.ts:4559,src/gateway/server-methods/chat.ts,4559,4559,MediaStaged,line=4559,token,PASS,4559,        ctx.MediaStaged = true;
G13,line 9995 occurrence 1,9995,1,chat.ts:1482--1497,src/gateway/server-methods/chat.ts,1482,1497,Managed,line=1485,token,PASS,1485,      if (refsToStage.some((ref) => !isManagedInboundPdfOffloadRef(ref))) {
G13,line 10001 occurrence 1,10001,1,chat.ts:1498--1515,src/gateway/server-methods/chat.ts,1498,1515,client,line=1498,function-range-line-not-pinned,PASS,1498,    // client can retry. #90097
G13,line 10007 occurrence 1,10007,1,chat.ts:4793,src/gateway/server-methods/chat.ts,4793,4793,applyChatSendManagedMediaFields,line=4793,token,PASS,4793,"              applyChatSendManagedMediaFields(ctx, await pluginBoundMediaFieldsPromise);"
G13,line 10012 occurrence 1,10012,1,chat.ts:4793,src/gateway/server-methods/chat.ts,4793,4793,applyChatSendManagedMediaFields,line=4793,token,PASS,4793,"              applyChatSendManagedMediaFields(ctx, await pluginBoundMediaFieldsPromise);"
G13,line 10017 occurrence 1,10017,1,chat.ts:4793,src/gateway/server-methods/chat.ts,4793,4793,await,line=4793,token,PASS,4793,"              applyChatSendManagedMediaFields(ctx, await pluginBoundMediaFieldsPromise);"
G13,line 10034 occurrence 1,10034,1,chat.ts:4788--4797,src/gateway/server-methods/chat.ts,4788,4797,dispatchInboundMessage,line=4794,token,PASS,4794,              const dispatchResult = await dispatchInboundMessage({
G13,line 10239 occurrence 1,10239,1,chat.ts:4475--4482,src/gateway/server-methods/chat.ts,4475,4482,Message,line=4475,token,PASS,4475,      const trimmedMessage = parsedMessage.trim();
G13,line 10243 occurrence 1,10243,1,chat.ts:4489--4495,src/gateway/server-methods/chat.ts,4489,4495,originatingChannel,line=4490,function-range-line-not-pinned,PASS,4490,"        originatingChannel,"
G13,line 10247 occurrence 1,10247,1,chat.ts:4503--4545,src/gateway/server-methods/chat.ts,4503,4545,command,line=4506,token,PASS,4506,"        BodyForCommands: commandBody,"
G13,line 10251 occurrence 1,10251,1,chat.ts:4548--4559,src/gateway/server-methods/chat.ts,4548,4559,fields,line=4549,token,PASS,4549,        // Inject offloads via the same MsgContext fields the channel
G13,line 10255 occurrence 1,10255,1,chat.ts:1482--1515,src/gateway/server-methods/chat.ts,1482,1515,managed,line=1482,token,PASS,1482,      // PDFs still reach the agent via their managed media path (host-side
G13,line 10259 occurrence 1,10259,1,chat.ts:4793,src/gateway/server-methods/chat.ts,4793,4793,Managed,line=4793,token,PASS,4793,"              applyChatSendManagedMediaFields(ctx, await pluginBoundMediaFieldsPromise);"
G13,line 10263 occurrence 1,10263,1,chat.ts:4788--4797,src/gateway/server-methods/chat.ts,4788,4797,dispatch,line=4791,token,PASS,4791,"            ""gateway.chat_send.dispatch_inbound"","
G13,line 10361 occurrence 1,10361,1,chat.ts:4475--4478,src/gateway/server-methods/chat.ts,4475,4478,commandSource,line=4477,token,PASS,4477,      const commandSource =
G13,line 10374 occurrence 1,10374,1,chat.ts:4479--4481,src/gateway/server-methods/chat.ts,4479,4481,messageForAgent,line=4479,token,PASS,4479,      const messageForAgent = systemProvenanceReceipt
G13,line 10384 occurrence 1,10384,1,chat.ts:4489--4495,src/gateway/server-methods/chat.ts,4489,4495,explicitDeliverRoute,line=4494,token,PASS,4494,"        explicitDeliverRoute,"
G13,line 10390 occurrence 1,10390,1,chat.ts:4503--4519,src/gateway/server-methods/chat.ts,4503,4519,explicitDeliverRoute,line=4516,token,PASS,4516,"        ExplicitDeliverRoute: explicitDeliverRoute,"
G13,line 10407 occurrence 1,10407,1,chat.ts:4520--4534,src/gateway/server-methods/chat.ts,4520,4534,command,line=4520,token,PASS,4520,"        ...(commandSource ? { CommandSource: commandSource } : {}),"
G13,line 10424 occurrence 1,10424,1,chat.ts:4535--4545,src/gateway/server-methods/chat.ts,4535,4545,client,line=4535,token,PASS,4535,"        MessageSid: clientRunId,"
G13,line 10437 occurrence 1,10437,1,chat.ts:4548--4559,src/gateway/server-methods/chat.ts,4548,4559,media,line=4548,token,PASS,4548,      if (mediaPathOffloadPaths.length > 0) {
G13,line 10447 occurrence 1,10447,1,chat.ts:1482--1515,src/gateway/server-methods/chat.ts,1482,1515,managed,line=1482,token,PASS,1482,      // PDFs still reach the agent via their managed media path (host-side
G13,line 10455 occurrence 1,10455,1,chat.ts:4788--4797,src/gateway/server-methods/chat.ts,4788,4797,dispatchInboundMessage,line=4794,token,PASS,4794,              const dispatchResult = await dispatchInboundMessage({
G14,line 10565 occurrence 1,10565,1,chat.ts:4788--4797,src/gateway/server-methods/chat.ts,4788,4797,measureDiagnosticsTimelineSpan,line=4790,token,PASS,4790,          measureDiagnosticsTimelineSpan(
G14,line 10570 occurrence 1,10570,1,chat.ts:4788--4797,src/gateway/server-methods/chat.ts,4788,4797,measureDiagnosticsTimelineSpan,line=4790,token,PASS,4790,          measureDiagnosticsTimelineSpan(
G14,line 10575 occurrence 1,10575,1,chat.ts:4788--4797,src/gateway/server-methods/chat.ts,4788,4797,measureDiagnosticsTimelineSpan,line=4790,token,PASS,4790,          measureDiagnosticsTimelineSpan(
G14,line 10580 occurrence 1,10580,1,chat.ts:4788--4797,src/gateway/server-methods/chat.ts,4788,4797,dispatch_inbound,line=4791,token,PASS,4791,"            ""gateway.chat_send.dispatch_inbound"","
G14,line 10585 occurrence 1,10585,1,chat.ts:4788--4797,src/gateway/server-methods/chat.ts,4788,4797,async,line=4792,token,PASS,4792,            async () => {
G14,line 10590 occurrence 1,10590,1,chat.ts:4788--4797,src/gateway/server-methods/chat.ts,4788,4797,dispatchInboundMessage,line=4794,token,PASS,4794,              const dispatchResult = await dispatchInboundMessage({
G14,line 10596 occurrence 1,10596,1,chat.ts:4788--4797,src/gateway/server-methods/chat.ts,4788,4797,dispatchInboundMessage,line=4794,token,PASS,4794,              const dispatchResult = await dispatchInboundMessage({
G14,line 10601 occurrence 1,10601,1,chat.ts:4788--4797,src/gateway/server-methods/chat.ts,4788,4797,dispatchInboundMessage,line=4794,token,PASS,4794,              const dispatchResult = await dispatchInboundMessage({
G14,line 10606 occurrence 1,10606,1,chat.ts:4788--4797,src/gateway/server-methods/chat.ts,4788,4797,dispatcher,line=4797,token,PASS,4797,"                dispatcher,"
G14,line 10611 occurrence 1,10611,1,chat.ts:4788--4797,src/gateway/server-methods/chat.ts,4788,4797,dispatcher,line=4797,token,PASS,4797,"                dispatcher,"
G14,line 10616 occurrence 1,10616,1,chat.ts:4788--4797,src/gateway/server-methods/chat.ts,4788,4797,dispatcher,line=4797,token,PASS,4797,"                dispatcher,"
G14,line 10621 occurrence 1,10621,1,chat.ts:4788--4797,src/gateway/server-methods/chat.ts,4788,4797,chat,line=4791,token,PASS,4791,"            ""gateway.chat_send.dispatch_inbound"","
G14,line 10638 occurrence 1,10638,1,dispatch.ts:528--583,src/auto-reply/dispatch.ts,528,583,dispatchInboundMessage,line=528,token,PASS,528,export async function dispatchInboundMessage(params: {
G14,line 10643 occurrence 1,10643,1,dispatch.ts:528--583,src/auto-reply/dispatch.ts,528,583,dispatchInboundMessage,line=528,token,PASS,528,export async function dispatchInboundMessage(params: {
G14,line 10648 occurrence 1,10648,1,dispatch.ts:528--583,src/auto-reply/dispatch.ts,528,583,applyRuntimeToolsAllow,line=538,token,PASS,538,"  const replyOptions = applyRuntimeToolsAllow(params.replyOptions, params.toolsAllow);"
G14,line 10653 occurrence 1,10653,1,dispatch.ts:528--583,src/auto-reply/dispatch.ts,528,583,replyOptions,line=533,token,PASS,533,  replyOptions?: InternalDispatchReplyOptions;
G14,line 10670 occurrence 1,10670,1,dispatch.ts:69--80,src/auto-reply/dispatch.ts,69,80,applyRuntimeToolsAllow,line=69,token,PASS,69,function applyRuntimeToolsAllow(
G14,line 10675 occurrence 1,10675,1,dispatch.ts:69--80,src/auto-reply/dispatch.ts,69,80,applyRuntimeToolsAllow,line=69,token,PASS,69,function applyRuntimeToolsAllow(
G14,line 10680 occurrence 1,10680,1,dispatch.ts:69--80,src/auto-reply/dispatch.ts,69,80,toolsAllow,line=71,token,PASS,71,"  toolsAllow: string[] | undefined,"
G14,line 10685 occurrence 1,10685,1,dispatch.ts:69--80,src/auto-reply/dispatch.ts,69,80,toolsAllow,line=71,token,PASS,71,"  toolsAllow: string[] | undefined,"
G14,line 10702 occurrence 1,10702,1,dispatch.ts:528--583,src/auto-reply/dispatch.ts,528,583,replyPayloadRunState,line=536,token,PASS,536,  replyPayloadRunState?: ReplyPayloadRunState;
G14,line 10707 occurrence 1,10707,1,dispatch.ts:528--583,src/auto-reply/dispatch.ts,528,583,replyPayloadRunState,line=536,token,PASS,536,  replyPayloadRunState?: ReplyPayloadRunState;
G14,line 10712 occurrence 1,10712,1,dispatch.ts:528--583,src/auto-reply/dispatch.ts,528,583,replyPayloadRunState,line=536,token,PASS,536,  replyPayloadRunState?: ReplyPayloadRunState;
G14,line 10717 occurrence 1,10717,1,dispatch.ts:528--583,src/auto-reply/dispatch.ts,528,583,bindReplyPayloadRunState,line=542,token,PASS,542,"  const replyOptionsWithRunState = bindReplyPayloadRunState(replyOptions, replyPayloadRunState);"
G14,line 10722 occurrence 1,10722,1,dispatch.ts:528--583,src/auto-reply/dispatch.ts,528,583,bindReplyPayloadRunState,line=542,token,PASS,542,"  const replyOptionsWithRunState = bindReplyPayloadRunState(replyOptions, replyPayloadRunState);"
G14,line 10728 occurrence 1,10728,1,dispatch.ts:410--422,src/auto-reply/dispatch.ts,410,422,bindReplyPayloadRunState,line=410,token,PASS,410,function bindReplyPayloadRunState(
G14,line 10733 occurrence 1,10733,1,dispatch.ts:410--422,src/auto-reply/dispatch.ts,410,422,bindReplyPayloadRunState,line=410,token,PASS,410,function bindReplyPayloadRunState(
G14,line 10738 occurrence 1,10738,1,dispatch.ts:410--422,src/auto-reply/dispatch.ts,410,422,onAgentRunStart,line=414,token,PASS,414,  const onAgentRunStart = replyOptions?.onAgentRunStart;
G14,line 10755 occurrence 1,10755,1,dispatch.ts:544--551,src/auto-reply/dispatch.ts,544,551,finalize_context,line=544,token,PASS,544,"    ""auto_reply.finalize_context"","
G14,line 10760 occurrence 1,10760,1,dispatch.ts:544--551,src/auto-reply/dispatch.ts,544,551,finalizeInboundContext,line=545,token,PASS,545,"    () => finalizeInboundContext(params.ctx),"
G14,line 10765 occurrence 1,10765,1,dispatch.ts:544--551,src/auto-reply/dispatch.ts,544,551,finalizeInboundContext,line=545,token,PASS,545,"    () => finalizeInboundContext(params.ctx),"
G14,line 10770 occurrence 1,10770,1,dispatch.ts:544--551,src/auto-reply/dispatch.ts,544,551,buildDispatchTimelineAttributes,line=549,token,PASS,549,"      attributes: buildDispatchTimelineAttributes(params.ctx),"
G14,line 10775 occurrence 1,10775,1,dispatch.ts:544--551,src/auto-reply/dispatch.ts,544,551,buildDispatchTimelineAttributes,line=549,token,PASS,549,"      attributes: buildDispatchTimelineAttributes(params.ctx),"
G14,line 10780 occurrence 1,10780,1,dispatch.ts:544--551,src/auto-reply/dispatch.ts,544,551,buildDispatchTimelineAttributes,line=549,token,PASS,549,"      attributes: buildDispatchTimelineAttributes(params.ctx),"
G14,line 10797 occurrence 1,10797,1,dispatch.ts:552--561,src/auto-reply/dispatch.ts,552,561,isDiagnosticsEnabled,line=552,token,PASS,552,  if (isDiagnosticsEnabled(params.cfg)) {
G14,line 10802 occurrence 1,10802,1,dispatch.ts:552--561,src/auto-reply/dispatch.ts,552,561,isDiagnosticsEnabled,line=552,token,PASS,552,  if (isDiagnosticsEnabled(params.cfg)) {
G14,line 10807 occurrence 1,10807,1,dispatch.ts:552--561,src/auto-reply/dispatch.ts,552,561,logMessageReceived,line=553,token,PASS,553,    logMessageReceived({
G14,line 10812 occurrence 1,10812,1,dispatch.ts:552--561,src/auto-reply/dispatch.ts,552,561,sessionKey,line=554,token,PASS,554,"      sessionKey: finalized.SessionKey,"
G14,line 10817 occurrence 1,10817,1,dispatch.ts:552--561,src/auto-reply/dispatch.ts,552,561,finalized,line=554,token,PASS,554,"      sessionKey: finalized.SessionKey,"
G14,line 10822 occurrence 1,10822,1,dispatch.ts:552--561,src/auto-reply/dispatch.ts,552,561,messageId,line=557,token,PASS,557,"      messageId: finalized.MessageSid ?? finalized.MessageSidFirst ?? finalized.MessageSidLast,"
G14,line 10839 occurrence 1,10839,1,dispatch.ts:528--583,src/auto-reply/dispatch.ts,528,583,installReplyPayloadSendingBeforeDeliver,line=561,token,PASS,561,"  installReplyPayloadSendingBeforeDeliver(params.dispatcher, finalized, replyPayloadRunState);"
G14,line 10844 occurrence 1,10844,1,dispatch.ts:528--583,src/auto-reply/dispatch.ts,528,583,installReplyPayloadSendingBeforeDeliver,line=561,token,PASS,561,"  installReplyPayloadSendingBeforeDeliver(params.dispatcher, finalized, replyPayloadRunState);"
G14,line 10849 occurrence 1,10849,1,dispatch.ts:528--583,src/auto-reply/dispatch.ts,528,583,installReplyPayloadSendingBeforeDeliver,line=561,token,PASS,561,"  installReplyPayloadSendingBeforeDeliver(params.dispatcher, finalized, replyPayloadRunState);"
G14,line 10855 occurrence 1,10855,1,dispatch.ts:424--438,src/auto-reply/dispatch.ts,424,438,installReplyPayloadSendingBeforeDeliver,line=424,token,PASS,424,function installReplyPayloadSendingBeforeDeliver(
G14,line 10872 occurrence 1,10872,1,dispatch.ts:562--582,src/auto-reply/dispatch.ts,562,582,withReplyDispatcher,line=562,token,PASS,562,  const result = await withReplyDispatcher({
G14,line 10877 occurrence 1,10877,1,dispatch.ts:562--582,src/auto-reply/dispatch.ts,562,582,measureDiagnosticsTimelineSpan,line=565,token,PASS,565,      measureDiagnosticsTimelineSpan(
G14,line 10882 occurrence 1,10882,1,dispatch.ts:562--582,src/auto-reply/dispatch.ts,562,582,measureDiagnosticsTimelineSpan,line=565,token,PASS,565,      measureDiagnosticsTimelineSpan(
G14,line 10887 occurrence 1,10887,1,dispatch.ts:562--582,src/auto-reply/dispatch.ts,562,582,measureDiagnosticsTimelineSpan,line=565,token,PASS,565,      measureDiagnosticsTimelineSpan(
G14,line 10892 occurrence 1,10892,1,dispatch.ts:562--582,src/auto-reply/dispatch.ts,562,582,dispatch_reply_from_config,line=566,token,PASS,566,"        ""auto_reply.dispatch_reply_from_config"","
G14,line 10897 occurrence 1,10897,1,dispatch.ts:562--582,src/auto-reply/dispatch.ts,562,582,dispatchReplyFromConfig,line=568,token,PASS,568,          dispatchReplyFromConfig({
G14,line 10902 occurrence 1,10902,1,dispatch.ts:562--582,src/auto-reply/dispatch.ts,562,582,dispatcher,line=563,token,PASS,563,"    dispatcher: params.dispatcher,"
G14,line 10907 occurrence 1,10907,1,dispatch.ts:562--582,src/auto-reply/dispatch.ts,562,582,replyOptions,line=572,token,PASS,572,"            replyOptions: replyOptionsWithRunState,"
G14,line 10912 occurrence 1,10912,1,dispatch.ts:562--582,src/auto-reply/dispatch.ts,562,582,replyResolver,line=573,token,PASS,573,"            replyResolver: params.replyResolver,"
G14,line 10917 occurrence 1,10917,1,dispatch.ts:562--582,src/auto-reply/dispatch.ts,562,582,replyResolver,line=573,token,PASS,573,"            replyResolver: params.replyResolver,"
G14,line 10922 occurrence 1,10922,1,dispatch.ts:562--582,src/auto-reply/dispatch.ts,562,582,replyResolver,line=573,token,PASS,573,"            replyResolver: params.replyResolver,"
G14,line 10927 occurrence 1,10927,1,dispatch.ts:562--582,src/auto-reply/dispatch.ts,562,582,dispatch,line=563,token,PASS,563,"    dispatcher: params.dispatcher,"
G14,line 10932 occurrence 1,10932,1,dispatch.ts:562--582,src/auto-reply/dispatch.ts,562,582,dispatch,line=563,token,PASS,563,"    dispatcher: params.dispatcher,"
G14,line 10949 occurrence 1,10949,1,dispatch.ts:488--524,src/auto-reply/dispatch.ts,488,524,finalizeDispatchResult,line=488,token,PASS,488,function finalizeDispatchResult(
G14,line 10954 occurrence 1,10954,1,dispatch.ts:488--524,src/auto-reply/dispatch.ts,488,524,finalizeDispatchResult,line=488,token,PASS,488,function finalizeDispatchResult(
G14,line 10959 occurrence 1,10959,1,dispatch.ts:488--524,src/auto-reply/dispatch.ts,488,524,dispatcher,line=490,token,PASS,490,"  dispatcher: ReplyDispatcher,"
G14,line 10964 occurrence 1,10964,1,dispatch.ts:488--524,src/auto-reply/dispatch.ts,488,524,dispatcher,line=490,token,PASS,490,"  dispatcher: ReplyDispatcher,"
G14,line 10969 occurrence 1,10969,1,dispatch.ts:488--524,src/auto-reply/dispatch.ts,488,524,cancelled,line=492,token,PASS,492,  const cancelledCounts = dispatcher.getCancelledCounts?.();
G14,line 10974 occurrence 1,10974,1,dispatch.ts:488--524,src/auto-reply/dispatch.ts,488,524,finalizeDispatchResult,line=488,token,PASS,488,function finalizeDispatchResult(
G14,line 10980 occurrence 1,10980,1,dispatch.ts:583,src/auto-reply/dispatch.ts,583,583,finalizeDispatchResult,line=583,token,PASS,583,"  return finalizeDispatchResult(result, params.dispatcher);"
G14,line 11147 occurrence 1,11147,1,chat.ts:4788--4797,src/gateway/server-methods/chat.ts,4788,4797,dispatch,line=4791,token,PASS,4791,"            ""gateway.chat_send.dispatch_inbound"","
G14,line 11150 occurrence 1,11150,1,src/auto-reply/dispatch.ts:528--583,src/auto-reply/dispatch.ts,528,583,function,line=528,token,PASS,528,export async function dispatchInboundMessage(params: {
G14,line 11153 occurrence 1,11153,1,src/auto-reply/dispatch.ts:528--583,src/auto-reply/dispatch.ts,528,583,dispatch,line=528,token,PASS,528,export async function dispatchInboundMessage(params: {
G14,line 11156 occurrence 1,11156,1,src/auto-reply/dispatch.ts:528--583,src/auto-reply/dispatch.ts,528,583,dispatch,line=528,token,PASS,528,export async function dispatchInboundMessage(params: {
G14,line 11159 occurrence 1,11159,1,src/auto-reply/dispatch.ts:544--551,src/auto-reply/dispatch.ts,544,551,reply,line=544,token,PASS,544,"    ""auto_reply.finalize_context"","
G14,line 11162 occurrence 1,11162,1,src/auto-reply/dispatch.ts:552--561,src/auto-reply/dispatch.ts,552,561,dispatch,line=558,token,PASS,558,"      source: ""dispatchInboundMessage"","
G14,line 11165 occurrence 1,11165,1,src/auto-reply/dispatch.ts:562--582,src/auto-reply/dispatch.ts,562,582,dispatch,line=563,token,PASS,563,"    dispatcher: params.dispatcher,"
G14,line 11168 occurrence 1,11168,1,src/auto-reply/dispatch.ts:528--583,src/auto-reply/dispatch.ts,528,583,dispatch,line=528,token,PASS,528,export async function dispatchInboundMessage(params: {
G14,line 11246 occurrence 1,11246,1,chat.ts:4788--4797,src/gateway/server-methods/chat.ts,4788,4797,dispatchInboundMessage,line=4794,token,PASS,4794,              const dispatchResult = await dispatchInboundMessage({
G14,line 11246 occurrence 2,11246,2,dispatch.ts:528--583,src/auto-reply/dispatch.ts,528,583,dispatchInboundMessage,line=528,token,PASS,528,export async function dispatchInboundMessage(params: {
G14,line 11256 occurrence 1,11256,1,dispatch.ts:69--80,src/auto-reply/dispatch.ts,69,80,toolsAllow,line=71,token,PASS,71,"  toolsAllow: string[] | undefined,"
G14,line 11262 occurrence 1,11262,1,dispatch.ts:544--551,src/auto-reply/dispatch.ts,544,551,finalizeInboundContext,line=545,token,PASS,545,"    () => finalizeInboundContext(params.ctx),"
G14,line 11273 occurrence 1,11273,1,dispatch.ts:552--561,src/auto-reply/dispatch.ts,552,561,dispatcher,line=561,token,PASS,561,"  installReplyPayloadSendingBeforeDeliver(params.dispatcher, finalized, replyPayloadRunState);"
G14,line 11278 occurrence 1,11278,1,dispatch.ts:562--582,src/auto-reply/dispatch.ts,562,582,dispatchReplyFromConfig,line=568,token,PASS,568,          dispatchReplyFromConfig({
G14,line 11293 occurrence 1,11293,1,dispatch.ts:488--524,src/auto-reply/dispatch.ts,488,524,queuedFinal,line=521,token,PASS,521,"    queuedFinal: result.queuedFinal && counts.final > 0,"
G15,line 11392 occurrence 1,11392,1,dispatch.ts:544--551,src/auto-reply/dispatch.ts,544,551,finalize_context,line=544,token,PASS,544,"    ""auto_reply.finalize_context"","
G15,line 11397 occurrence 1,11397,1,dispatch.ts:544--551,src/auto-reply/dispatch.ts,544,551,finalizeInboundContext,line=545,token,PASS,545,"    () => finalizeInboundContext(params.ctx),"
G15,line 11402 occurrence 1,11402,1,dispatch.ts:544--551,src/auto-reply/dispatch.ts,544,551,finalizeInboundContext,line=545,token,PASS,545,"    () => finalizeInboundContext(params.ctx),"
G15,line 11407 occurrence 1,11407,1,dispatch.ts:544--551,src/auto-reply/dispatch.ts,544,551,buildDispatchTimelineAttributes,line=549,token,PASS,549,"      attributes: buildDispatchTimelineAttributes(params.ctx),"
G15,line 11412 occurrence 1,11412,1,dispatch.ts:544--551,src/auto-reply/dispatch.ts,544,551,buildDispatchTimelineAttributes,line=549,token,PASS,549,"      attributes: buildDispatchTimelineAttributes(params.ctx),"
G15,line 11417 occurrence 1,11417,1,dispatch.ts:544--551,src/auto-reply/dispatch.ts,544,551,buildDispatchTimelineAttributes,line=549,token,PASS,549,"      attributes: buildDispatchTimelineAttributes(params.ctx),"
G15,line 11434 occurrence 1,11434,1,inbound-context.ts:76--175,src/auto-reply/reply/inbound-context.ts,76,175,finalizeInboundContext,line=76,token,PASS,76,"export function finalizeInboundContext<T extends Record<string, unknown>>("
G15,line 11451 occurrence 1,11451,1,inbound-context.ts:47--74,src/auto-reply/reply/inbound-context.ts,47,74,applySupplementalContext,line=47,token,PASS,47,function applySupplementalContext(ctx: MsgContext): void {
G15,line 11456 occurrence 1,11456,1,inbound-context.ts:47--74,src/auto-reply/reply/inbound-context.ts,47,74,applySupplementalContext,line=47,token,PASS,47,function applySupplementalContext(ctx: MsgContext): void {
G15,line 11462 occurrence 1,11462,1,inbound-context.ts:81,src/auto-reply/reply/inbound-context.ts,81,81,applySupplementalContext,line=81,token,PASS,81,  applySupplementalContext(normalized);
G15,line 11479 occurrence 1,11479,1,inbound-context.ts:83--97,src/auto-reply/reply/inbound-context.ts,83,97,normalize,line=83,token,PASS,83,  normalized.Body = sanitizeInboundSystemTags(
G15,line 11484 occurrence 1,11484,1,inbound-context.ts:83--97,src/auto-reply/reply/inbound-context.ts,83,97,normalize,line=83,token,PASS,83,  normalized.Body = sanitizeInboundSystemTags(
G15,line 11489 occurrence 1,11489,1,inbound-context.ts:83--97,src/auto-reply/reply/inbound-context.ts,83,97,sanitize,line=83,token,PASS,83,  normalized.Body = sanitizeInboundSystemTags(
G15,line 11506 occurrence 1,11506,1,inbound-context.ts:99--102,src/auto-reply/reply/inbound-context.ts,99,102,normalizeChatType,line=99,token,PASS,99,  const chatType = normalizeChatType(normalized.ChatType);
G15,line 11511 occurrence 1,11511,1,inbound-context.ts:99--102,src/auto-reply/reply/inbound-context.ts,99,102,normalizeChatType,line=99,token,PASS,99,  const chatType = normalizeChatType(normalized.ChatType);
G15,line 11528 occurrence 1,11528,1,inbound-context.ts:104--113,src/auto-reply/reply/inbound-context.ts,104,113,normalized,line=105,token,PASS,105,    ? normalized.Body
G15,line 11533 occurrence 1,11533,1,inbound-context.ts:104--113,src/auto-reply/reply/inbound-context.ts,104,113,normalized,line=105,token,PASS,105,    ? normalized.Body
G15,line 11539 occurrence 1,11539,1,inbound-context.ts:114--123,src/auto-reply/reply/inbound-context.ts,114,123,normalized,line=116,token,PASS,116,    ? (normalized.CommandBody ?? normalized.RawBody ?? normalized.Body)
G15,line 11544 occurrence 1,11544,1,inbound-context.ts:114--123,src/auto-reply/reply/inbound-context.ts,114,123,normalized,line=116,token,PASS,116,    ? (normalized.CommandBody ?? normalized.RawBody ?? normalized.Body)
G15,line 11561 occurrence 1,11561,1,inbound-context.ts:125--133,src/auto-reply/reply/inbound-context.ts,125,133,resolveConversationLabel,line=127,token,PASS,127,    const resolved = normalizeOptionalString(resolveConversationLabel(normalized));
G15,line 11566 occurrence 1,11566,1,inbound-context.ts:125--133,src/auto-reply/reply/inbound-context.ts,125,133,resolveConversationLabel,line=127,token,PASS,127,    const resolved = normalizeOptionalString(resolveConversationLabel(normalized));
G15,line 11583 occurrence 1,11583,1,inbound-context.ts:135--143,src/auto-reply/reply/inbound-context.ts,135,143,resolveCommandTurnContext,line=137,token,PASS,137,  normalized.CommandTurn = resolveCommandTurnContext(normalized);
G15,line 11588 occurrence 1,11588,1,inbound-context.ts:135--143,src/auto-reply/reply/inbound-context.ts,135,143,resolveCommandTurnContext,line=137,token,PASS,137,  normalized.CommandTurn = resolveCommandTurnContext(normalized);
G15,line 11593 occurrence 1,11593,1,inbound-context.ts:135--143,src/auto-reply/reply/inbound-context.ts,135,143,resolveCommandTurnContext,line=137,token,PASS,137,  normalized.CommandTurn = resolveCommandTurnContext(normalized);
G15,line 11610 occurrence 1,11610,1,inbound-context.ts:145--173,src/auto-reply/reply/inbound-context.ts,145,173,media,line=146,token,PASS,146,  // - No media: do not inject defaults.
G15,line 11615 occurrence 1,11615,1,inbound-context.ts:145--173,src/auto-reply/reply/inbound-context.ts,145,173,media,line=146,token,PASS,146,  // - No media: do not inject defaults.
G15,line 11620 occurrence 1,11620,1,inbound-context.ts:145--173,src/auto-reply/reply/inbound-context.ts,145,173,align,line=145,token,PASS,145,  // MediaType/MediaTypes alignment:
G15,line 11637 occurrence 1,11637,1,inbound-context.ts:174--175,src/auto-reply/reply/inbound-context.ts,174,175,FinalizedMsgContext,line=175,token,PASS,175,  return normalized as T & FinalizedMsgContext;
G15,line 11643 occurrence 1,11643,1,dispatch.ts:562--582,src/auto-reply/dispatch.ts,562,582,dispatchReplyFromConfig,line=568,token,PASS,568,          dispatchReplyFromConfig({
G15,line 11809 occurrence 1,11809,1,src/auto-reply/dispatch.ts:544--551,src/auto-reply/dispatch.ts,544,551,reply,line=544,token,PASS,544,"    ""auto_reply.finalize_context"","
G15,line 11813 occurrence 1,11813,1,inbound-context.ts:76--175,src/auto-reply/reply/inbound-context.ts,76,175,Supplemental,line=81,token,PASS,81,  applySupplementalContext(normalized);
G15,line 11817 occurrence 1,11817,1,inbound-context.ts:47--74,src/auto-reply/reply/inbound-context.ts,47,74,from,line=58,token,PASS,58,"    ForwardedFrom: supplemental.forwarded?.from,"
G15,line 11821 occurrence 1,11821,1,inbound-context.ts:83--97,src/auto-reply/reply/inbound-context.ts,83,97,mm,line=87,token,PASS,87,  normalized.CommandBody = normalizeTextField(normalized.CommandBody);
G15,line 11825 occurrence 1,11825,1,inbound-context.ts:99--102,src/auto-reply/reply/inbound-context.ts,99,102,at,line=99,token,PASS,99,  const chatType = normalizeChatType(normalized.ChatType);
G15,line 11829 occurrence 1,11829,1,inbound-context.ts:104--123,src/auto-reply/reply/inbound-context.ts,104,123,body,line=104,token,PASS,104,  const bodyForAgentSource = opts.forceBodyForAgent
G15,line 11833 occurrence 1,11833,1,inbound-context.ts:125--143,src/auto-reply/reply/inbound-context.ts,125,143,mm,line=136,token,PASS,136,  normalized.CommandAuthorized = normalized.CommandAuthorized === true;
G15,line 11837 occurrence 1,11837,1,inbound-context.ts:145--173,src/auto-reply/reply/inbound-context.ts,145,173,alignment,line=145,token,PASS,145,  // MediaType/MediaTypes alignment:
G15,line 11923 occurrence 1,11923,1,dispatch.ts:544--551,src/auto-reply/dispatch.ts,544,551,finalizeInboundContext,line=545,token,PASS,545,"    () => finalizeInboundContext(params.ctx),"
G15,line 11932 occurrence 1,11932,1,inbound-context.ts:47--74,src/auto-reply/reply/inbound-context.ts,47,74,supplemental,line=48,token,PASS,48,  const supplemental = ctx.SupplementalContext;
G15,line 11938 occurrence 1,11938,1,inbound-context.ts:83--102,src/auto-reply/reply/inbound-context.ts,83,102,normalize,line=83,token,PASS,83,  normalized.Body = sanitizeInboundSystemTags(
G15,line 11948 occurrence 1,11948,1,inbound-context.ts:104--123,src/auto-reply/reply/inbound-context.ts,104,123,and,line=108,token,PASS,108,      normalized.CommandBody ??
G15,line 11957 occurrence 1,11957,1,inbound-context.ts:125--143,src/auto-reply/reply/inbound-context.ts,125,143,normalize,line=125,token,PASS,125,  const explicitLabel = normalizeOptionalString(normalized.ConversationLabel);
G15,line 11966 occurrence 1,11966,1,inbound-context.ts:145--173,src/auto-reply/reply/inbound-context.ts,145,173,alignment,line=145,token,PASS,145,  // MediaType/MediaTypes alignment:
G15,line 11975 occurrence 1,11975,1,inbound-context.ts:174--175,src/auto-reply/reply/inbound-context.ts,174,175,no,line=175,token,PASS,175,  return normalized as T & FinalizedMsgContext;
G15,line 11976 occurrence 1,11976,1,dispatch.ts:562--582,src/auto-reply/dispatch.ts,562,582,finalized,line=569,token,PASS,569,"            ctx: finalized,"
G16,line 12098 occurrence 1,12098,1,dispatch-from-config.ts:1215--1228,src/auto-reply/reply/dispatch-from-config.ts,1215,1228,dispatchReplyFromConfig,line=1215,token,PASS,1215,export async function dispatchReplyFromConfig(
G16,line 12103 occurrence 1,12103,1,dispatch-from-config.ts:1215--1220,src/auto-reply/reply/dispatch-from-config.ts,1215,1220,dispatchReplyFromConfig,line=1215,token,PASS,1215,export async function dispatchReplyFromConfig(
G16,line 12108 occurrence 1,12108,1,dispatch-from-config.ts:1221--1228,src/auto-reply/reply/dispatch-from-config.ts,1221,1228,queuedFinal,line=1221,token,PASS,1221,"      queuedFinal: false,"
G16,line 12113 occurrence 1,12113,1,dispatch-from-config.ts:1221--1228,src/auto-reply/reply/dispatch-from-config.ts,1221,1228,queuedFinal,line=1221,token,PASS,1221,"      queuedFinal: false,"
G16,line 12118 occurrence 1,12118,1,dispatch-from-config.ts:1221--1228,src/auto-reply/reply/dispatch-from-config.ts,1221,1228,queuedFinal,line=1221,token,PASS,1221,"      queuedFinal: false,"
G16,line 12135 occurrence 1,12135,1,dispatch-from-config.ts:1225,src/auto-reply/reply/dispatch-from-config.ts,1225,1225,isDiagnosticsEnabled,line=1225,token,PASS,1225,  const diagnosticsEnabled = isDiagnosticsEnabled(cfg);
G16,line 12140 occurrence 1,12140,1,dispatch-from-config.ts:1226,src/auto-reply/reply/dispatch-from-config.ts,1226,1226,normalize,line=1226,token,PASS,1226,"  const channel = normalizeLowercaseStringOrEmpty(ctx.Surface ?? ctx.Provider ?? ""unknown"");"
G16,line 12145 occurrence 1,12145,1,dispatch-from-config.ts:1227,src/auto-reply/reply/dispatch-from-config.ts,1227,1227,From,line=1227,token,PASS,1227,  const chatId = ctx.To ?? ctx.From;
G16,line 12150 occurrence 1,12150,1,dispatch-from-config.ts:1228,src/auto-reply/reply/dispatch-from-config.ts,1228,1228,message,line=1228,token,PASS,1228,  const messageId = ctx.MessageSid ?? ctx.MessageSidFirst ?? ctx.MessageSidLast;
G16,line 12155 occurrence 1,12155,1,dispatch-from-config.ts:1229--1230,src/auto-reply/reply/dispatch-from-config.ts,1229,1230,CommandTargetSessionKey,line=1230,token,PASS,1230,    normalizeOptionalString(ctx.SessionKey) ?? normalizeOptionalString(ctx.CommandTargetSessionKey);
G16,line 12160 occurrence 1,12160,1,dispatch-from-config.ts:1233,src/auto-reply/reply/dispatch-from-config.ts,1233,1233,resolveSessionStoreLookup,line=1233,token,PASS,1233,"  const initialSessionStoreEntry = resolveSessionStoreLookup(ctx, cfg);"
G16,line 12166 occurrence 1,12166,1,dispatch-from-config.ts:441--470,src/auto-reply/reply/dispatch-from-config.ts,441,470,resolveCommandTurnTargetSessionKey,line=450,token,PASS,450,  const targetSessionKey = resolveCommandTurnTargetSessionKey(ctx);
G16,line 12171 occurrence 1,12171,1,dispatch-from-config.ts:450,src/auto-reply/reply/dispatch-from-config.ts,450,450,resolveCommandTurnTargetSessionKey,line=450,token,PASS,450,  const targetSessionKey = resolveCommandTurnTargetSessionKey(ctx);
G16,line 12176 occurrence 1,12176,1,dispatch-from-config.ts:455,src/auto-reply/reply/dispatch-from-config.ts,455,455,resolveSessionAgentId,line=455,token,PASS,455,"  const agentId = resolveSessionAgentId({ sessionKey, config: cfg, fallbackAgentId: ctx.AgentId });"
G16,line 12181 occurrence 1,12181,1,dispatch-from-config.ts:456,src/auto-reply/reply/dispatch-from-config.ts,456,456,resolveStorePath,line=456,token,PASS,456,"  const storePath = resolveStorePath(cfg.session?.store, { agentId });"
G16,line 12186 occurrence 1,12186,1,dispatch-from-config.ts:458,src/auto-reply/reply/dispatch-from-config.ts,458,458,loadSessionStore,line=458,token,PASS,458,    const store = loadSessionStore(storePath);
G16,line 12203 occurrence 1,12203,1,dispatch-from-config.ts:1242--1257,src/auto-reply/reply/dispatch-from-config.ts,1242,1257,diagnostic,line=1247,token,PASS,1247,"    enabled: diagnosticsEnabled,"
G16,line 12208 occurrence 1,12208,1,dispatch-from-config.ts:1242--1257,src/auto-reply/reply/dispatch-from-config.ts,1242,1257,sessionKey,line=1243,token,PASS,1243,    initialSessionStoreEntry.sessionKey === sessionKey
G16,line 12213 occurrence 1,12213,1,dispatch-from-config.ts:1242--1257,src/auto-reply/reply/dispatch-from-config.ts,1242,1257,createDiagnosticMessageLifecycle,line=1246,token,PASS,1246,  const messageLifecycle = createDiagnosticMessageLifecycle({
G16,line 12218 occurrence 1,12218,1,dispatch-from-config.ts:1246--1257,src/auto-reply/reply/dispatch-from-config.ts,1246,1257,createDiagnosticMessageLifecycle,line=1246,token,PASS,1246,  const messageLifecycle = createDiagnosticMessageLifecycle({
G16,line 12223 occurrence 1,12223,1,dispatch-from-config.ts:1258--1262,src/auto-reply/reply/dispatch-from-config.ts,1258,1262,hasSessionKey,line=1260,token,PASS,1260,"    hasSessionKey: Boolean(sessionKey),"
G16,line 12228 occurrence 1,12228,1,dispatch-from-config.ts:1215--1228,src/auto-reply/reply/dispatch-from-config.ts,1215,1228,dispatch,line=1215,token,PASS,1215,export async function dispatchReplyFromConfig(
G16,line 12233 occurrence 1,12233,1,dispatch-from-config.ts:1215--1228,src/auto-reply/reply/dispatch-from-config.ts,1215,1228,dispatch,line=1215,token,PASS,1215,export async function dispatchReplyFromConfig(
G16,line 12250 occurrence 1,12250,1,dispatch-from-config.ts:1341,src/auto-reply/reply/dispatch-from-config.ts,1341,1341,resolveBoundAcpDispatchSessionKey,line=1341,token,PASS,1341,"  const boundAcpDispatchSessionKey = resolveBoundAcpDispatchSessionKey({ ctx, cfg });"
G16,line 12255 occurrence 1,12255,1,dispatch-from-config.ts:1341,src/auto-reply/reply/dispatch-from-config.ts,1341,1341,resolveBoundAcpDispatchSessionKey,line=1341,token,PASS,1341,"  const boundAcpDispatchSessionKey = resolveBoundAcpDispatchSessionKey({ ctx, cfg });"
G16,line 12260 occurrence 1,12260,1,dispatch-from-config.ts:1341,src/auto-reply/reply/dispatch-from-config.ts,1341,1341,resolveBoundAcpDispatchSessionKey,line=1341,token,PASS,1341,"  const boundAcpDispatchSessionKey = resolveBoundAcpDispatchSessionKey({ ctx, cfg });"
G16,line 12266 occurrence 1,12266,1,dispatch-from-config.ts:1341--1351,src/auto-reply/reply/dispatch-from-config.ts,1341,1351,resolveBoundAcpDispatchSessionKey,line=1341,token,PASS,1341,"  const boundAcpDispatchSessionKey = resolveBoundAcpDispatchSessionKey({ ctx, cfg });"
G16,line 12272 occurrence 1,12272,1,dispatch-from-config.ts:1341--1348,src/auto-reply/reply/dispatch-from-config.ts,1341,1348,resolveBoundAcpDispatchSessionKey,line=1341,token,PASS,1341,"  const boundAcpDispatchSessionKey = resolveBoundAcpDispatchSessionKey({ ctx, cfg });"
G16,line 12277 occurrence 1,12277,1,dispatch-from-config.ts:1341--1348,src/auto-reply/reply/dispatch-from-config.ts,1341,1348,sessionKey,line=1343,token,PASS,1343,    boundAcpDispatchSessionKey ?? initialSessionStoreEntry.sessionKey ?? sessionKey;
G16,line 12282 occurrence 1,12282,1,dispatch-from-config.ts:1347--1348,src/auto-reply/reply/dispatch-from-config.ts,1347,1348,sessionKey,line=1348,token,PASS,1348,    initialSessionStoreEntry.sessionKey ?? sessionKey ?? acpDispatchSessionKey;
G16,line 12287 occurrence 1,12287,1,dispatch-from-config.ts:1347--1348,src/auto-reply/reply/dispatch-from-config.ts,1347,1348,sessionKey,line=1348,token,PASS,1348,    initialSessionStoreEntry.sessionKey ?? sessionKey ?? acpDispatchSessionKey;
G16,line 12304 occurrence 1,12304,1,dispatch-from-config.ts:1422--1427,src/auto-reply/reply/dispatch-from-config.ts,1422,1427,resolveSessionAgentId,line=1422,token,PASS,1422,  const sessionAgentId = resolveSessionAgentId({
G16,line 12309 occurrence 1,12309,1,dispatch-from-config.ts:1422--1427,src/auto-reply/reply/dispatch-from-config.ts,1422,1427,resolveSessionAgentId,line=1422,token,PASS,1422,  const sessionAgentId = resolveSessionAgentId({
G16,line 12314 occurrence 1,12314,1,dispatch-from-config.ts:1422--1427,src/auto-reply/reply/dispatch-from-config.ts,1422,1427,fallbackAgentId,line=1425,token,PASS,1425,"    fallbackAgentId: ctx.AgentId,"
G16,line 12319 occurrence 1,12319,1,dispatch-from-config.ts:1422--1427,src/auto-reply/reply/dispatch-from-config.ts,1422,1427,fallbackAgentId,line=1425,token,PASS,1425,"    fallbackAgentId: ctx.AgentId,"
G16,line 12324 occurrence 1,12324,1,dispatch-from-config.ts:1422--1427,src/auto-reply/reply/dispatch-from-config.ts,1422,1427,resolveAgentConfig,line=1427,token,PASS,1427,"  const sessionAgentCfg = resolveAgentConfig(cfg, sessionAgentId);"
G16,line 12329 occurrence 1,12329,1,dispatch-from-config.ts:1422--1427,src/auto-reply/reply/dispatch-from-config.ts,1422,1427,resolveAgentConfig,line=1427,token,PASS,1427,"  const sessionAgentCfg = resolveAgentConfig(cfg, sessionAgentId);"
G16,line 12356 occurrence 1,12356,1,dispatch-from-config.ts:1428--1439,src/auto-reply/reply/dispatch-from-config.ts,1428,1439,createShouldEmitVerboseProgress,line=1428,token,PASS,1428,  const verboseProgress = createShouldEmitVerboseProgress({
G16,line 12361 occurrence 1,12361,1,dispatch-from-config.ts:1442,src/auto-reply/reply/dispatch-from-config.ts,1442,1442,resolveEffectiveReplyRoute,line=1442,token,PASS,1442,"  const replyRoute = resolveEffectiveReplyRoute({ ctx, entry: sessionStoreEntry.entry });"
G16,line 12366 occurrence 1,12366,1,dispatch-from-config.ts:1442,src/auto-reply/reply/dispatch-from-config.ts,1442,1442,resolveEffectiveReplyRoute,line=1442,token,PASS,1442,"  const replyRoute = resolveEffectiveReplyRoute({ ctx, entry: sessionStoreEntry.entry });"
G16,line 12371 occurrence 1,12371,1,dispatch-from-config.ts:1442,src/auto-reply/reply/dispatch-from-config.ts,1442,1442,replyRoute,line=1442,function-range-line-not-pinned,PASS,1442,"  const replyRoute = resolveEffectiveReplyRoute({ ctx, entry: sessionStoreEntry.entry });"
G16,line 12376 occurrence 1,12376,1,dispatch-from-config.ts:1447--1450,src/auto-reply/reply/dispatch-from-config.ts,1447,1450,resolveRoutedDeliveryThreadId,line=1447,token,PASS,1447,  const routeThreadId = resolveRoutedDeliveryThreadId({
G16,line 12393 occurrence 1,12393,1,dispatch-from-config.ts:1521--1528,src/auto-reply/reply/dispatch-from-config.ts,1521,1528,runWithDispatchLifecycleAdmission,line=1521,token,PASS,1521,  const runWithDispatchLifecycleAdmission = async <T>(run: () => Promise<T>): Promise<T> => {
G16,line 12398 occurrence 1,12398,1,dispatch-from-config.ts:1522--1524,src/auto-reply/reply/dispatch-from-config.ts,1522,1524,runWithReplyOperationLifecycleAdmission,line=1523,token,PASS,1523,"      return await runWithReplyOperationLifecycleAdmission(dispatchReplyOperation, run);"
G16,line 12403 occurrence 1,12403,1,dispatch-from-config.ts:1522--1524,src/auto-reply/reply/dispatch-from-config.ts,1522,1524,runWithReplyOperationLifecycleAdmission,line=1523,token,PASS,1523,"      return await runWithReplyOperationLifecycleAdmission(dispatchReplyOperation, run);"
G16,line 12408 occurrence 1,12408,1,dispatch-from-config.ts:1525--1527,src/auto-reply/reply/dispatch-from-config.ts,1525,1527,pre,line=1525,token,PASS,1525,    return preDispatchLifecycleAdmission
G16,line 12414 occurrence 1,12414,1,dispatch-from-config.ts:1533--1623,src/auto-reply/reply/dispatch-from-config.ts,1533,1623,ensureDispatchReplyOperation,line=1533,token,PASS,1533,  const ensureDispatchReplyOperation = async (
G16,line 12431 occurrence 1,12431,1,dispatch-from-config.ts:1593--1598,src/auto-reply/reply/dispatch-from-config.ts,1593,1598,dispatch,line=1594,token,PASS,1594,"      phase === ""dispatch"" &&"
G16,line 12436 occurrence 1,12436,1,dispatch-from-config.ts:1599--1608,src/auto-reply/reply/dispatch-from-config.ts,1599,1608,requestStuckDiagnosticSessionRecovery,line=1602,token,PASS,1602,      requestStuckDiagnosticSessionRecovery({
G16,line 12441 occurrence 1,12441,1,dispatch-from-config.ts:1609--1623,src/auto-reply/reply/dispatch-from-config.ts,1609,1623,admitReplyTurn,line=1609,token,PASS,1609,    let admission = await admitReplyTurn({
G16,line 12446 occurrence 1,12446,1,dispatch-from-config.ts:1610,src/auto-reply/reply/dispatch-from-config.ts,1610,1610,sessionKey,line=1610,token,PASS,1610,"      sessionKey: dispatchOperationSessionKey,"
G16,line 12451 occurrence 1,12451,1,dispatch-from-config.ts:1611,src/auto-reply/reply/dispatch-from-config.ts,1611,1611,sessionId,line=1611,token,PASS,1611,"      sessionId: operationSessionId,"
G16,line 12456 occurrence 1,12456,1,dispatch-from-config.ts:1612,src/auto-reply/reply/dispatch-from-config.ts,1612,1612,resolveOperationExpectedSessionId,line=1612,token,PASS,1612,"      expectedSessionId: resolveOperationExpectedSessionId(),"
G16,line 12461 occurrence 1,12461,1,dispatch-from-config.ts:1615,src/auto-reply/reply/dispatch-from-config.ts,1615,1615,kind,line=1615,token,PASS,1615,"      kind: replyTurnKind,"
G16,line 12466 occurrence 1,12466,1,dispatch-from-config.ts:1618,src/auto-reply/reply/dispatch-from-config.ts,1618,1618,upstreamAbortSignal,line=1618,token,PASS,1618,"      upstreamAbortSignal: params.replyOptions?.abortSignal,"
G16,line 12471 occurrence 1,12471,1,dispatch-from-config.ts:1609--1623,src/auto-reply/reply/dispatch-from-config.ts,1609,1623,upstreamAbortSignal,line=1618,token,PASS,1618,"      upstreamAbortSignal: params.replyOptions?.abortSignal,"
G16,line 12488 occurrence 1,12488,1,dispatch-from-config.ts:1877--1879,src/auto-reply/reply/dispatch-from-config.ts,1877,1879,load_runtime_plugins,line=1877,token,PASS,1877,"  const { ensureRuntimePluginsLoaded } = await traceReplyPhase(""reply.load_runtime_plugins"", () =>"
G16,line 12493 occurrence 1,12493,1,dispatch-from-config.ts:1877--1879,src/auto-reply/reply/dispatch-from-config.ts,1877,1879,load_runtime_plugins,line=1877,token,PASS,1877,"  const { ensureRuntimePluginsLoaded } = await traceReplyPhase(""reply.load_runtime_plugins"", () =>"
G16,line 12498 occurrence 1,12498,1,dispatch-from-config.ts:1877--1879,src/auto-reply/reply/dispatch-from-config.ts,1877,1879,load_runtime_plugins,line=1877,token,PASS,1877,"  const { ensureRuntimePluginsLoaded } = await traceReplyPhase(""reply.load_runtime_plugins"", () =>"
G16,line 12503 occurrence 1,12503,1,dispatch-from-config.ts:1880--1882,src/auto-reply/reply/dispatch-from-config.ts,1880,1882,ensure_runtime_plugins,line=1880,token,PASS,1880,"  await traceReplyPhase(""reply.ensure_runtime_plugins"", () => {"
G16,line 12508 occurrence 1,12508,1,dispatch-from-config.ts:1883,src/auto-reply/reply/dispatch-from-config.ts,1883,1883,getGlobalHookRunner,line=1883,token,PASS,1883,  const hookRunner = getGlobalHookRunner();
G16,line 12513 occurrence 1,12513,1,dispatch-from-config.ts:1889--1904,src/auto-reply/reply/dispatch-from-config.ts,1889,1904,buildHookState,line=1890,token,PASS,1890,  const buildHookState = (sourceCtx: FinalizedMsgContext) => {
G16,line 12518 occurrence 1,12518,1,dispatch-from-config.ts:1889--1904,src/auto-reply/reply/dispatch-from-config.ts,1889,1904,buildHookState,line=1890,token,PASS,1890,  const buildHookState = (sourceCtx: FinalizedMsgContext) => {
G16,line 12535 occurrence 1,12535,1,dispatch-from-config.ts:1916--1928,src/auto-reply/reply/dispatch-from-config.ts,1916,1928,traceReplyPhase,line=1916,token,PASS,1916,"    const staged = await traceReplyPhase(""reply.stage_remote_media_for_dispatch"", () =>"
G16,line 12540 occurrence 1,12540,1,dispatch-from-config.ts:1916--1924,src/auto-reply/reply/dispatch-from-config.ts,1916,1924,stage_remote_media_for_dispatch,line=1916,token,PASS,1916,"    const staged = await traceReplyPhase(""reply.stage_remote_media_for_dispatch"", () =>"
G16,line 12545 occurrence 1,12545,1,dispatch-from-config.ts:1916--1924,src/auto-reply/reply/dispatch-from-config.ts,1916,1924,stage_remote_media_for_dispatch,line=1916,token,PASS,1916,"    const staged = await traceReplyPhase(""reply.stage_remote_media_for_dispatch"", () =>"
G16,line 12550 occurrence 1,12550,1,dispatch-from-config.ts:1917--1923,src/auto-reply/reply/dispatch-from-config.ts,1917,1923,stageRemoteInboundMediaIfNeeded,line=1917,token,PASS,1917,      stageRemoteInboundMediaIfNeeded({
G16,line 12555 occurrence 1,12555,1,dispatch-from-config.ts:1916--1924,src/auto-reply/reply/dispatch-from-config.ts,1916,1924,stageRemoteInboundMediaIfNeeded,line=1917,token,PASS,1917,      stageRemoteInboundMediaIfNeeded({
G16,line 12577 occurrence 1,12577,1,dispatch-from-config.ts:1998--2014,src/auto-reply/reply/dispatch-from-config.ts,1998,2014,resolveReplyRoutingDecision,line=2003,token,PASS,2003,  } = resolveReplyRoutingDecision({
G16,line 12582 occurrence 1,12582,1,dispatch-from-config.ts:2003--2011,src/auto-reply/reply/dispatch-from-config.ts,2003,2011,resolveReplyRoutingDecision,line=2003,token,PASS,2003,  } = resolveReplyRoutingDecision({
G16,line 12587 occurrence 1,12587,1,dispatch-from-config.ts:2004,src/auto-reply/reply/dispatch-from-config.ts,2004,2004,provider,line=2004,token,PASS,2004,"    provider: ctx.Provider,"
G16,line 12592 occurrence 1,12592,1,dispatch-from-config.ts:2005,src/auto-reply/reply/dispatch-from-config.ts,2005,2005,surface,line=2005,token,PASS,2005,"    surface: ctx.Surface,"
G16,line 12597 occurrence 1,12597,1,dispatch-from-config.ts:2007,src/auto-reply/reply/dispatch-from-config.ts,2007,2007,originatingChannel,line=2007,token,PASS,2007,"    originatingChannel: replyRoute.channel,"
G16,line 12602 occurrence 1,12602,1,dispatch-from-config.ts:2008,src/auto-reply/reply/dispatch-from-config.ts,2008,2008,originatingTo,line=2008,token,PASS,2008,"    originatingTo: replyRoute.to,"
G16,line 12607 occurrence 1,12607,1,dispatch-from-config.ts:2003--2011,src/auto-reply/reply/dispatch-from-config.ts,2003,2011,originatingTo,line=2008,token,PASS,2008,"    originatingTo: replyRoute.to,"
G16,line 12612 occurrence 1,12612,1,dispatch-from-config.ts:2012--2014,src/auto-reply/reply/dispatch-from-config.ts,2012,2014,current,line=2013,token,PASS,2013,  const deliveryChannel = shouldRouteToOriginating ? routeReplyChannel : currentSurface;
G16,line 12629 occurrence 1,12629,1,dispatch-from-config.ts:2184--2196,src/auto-reply/reply/dispatch-from-config.ts,2184,2196,resolveSendPolicy,line=2184,token,PASS,2184,  const sendPolicy = resolveSendPolicy({
G16,line 12634 occurrence 1,12634,1,dispatch-from-config.ts:2184--2196,src/auto-reply/reply/dispatch-from-config.ts,2184,2196,resolveSendPolicy,line=2184,token,PASS,2184,  const sendPolicy = resolveSendPolicy({
G16,line 12639 occurrence 1,12639,1,dispatch-from-config.ts:2186,src/auto-reply/reply/dispatch-from-config.ts,2186,2186,or,line=2186,token,PASS,2186,"    entry: sessionStoreEntry.entry,"
G16,line 12644 occurrence 1,12644,1,dispatch-from-config.ts:2187,src/auto-reply/reply/dispatch-from-config.ts,2187,2187,sessionKey,line=2187,token,PASS,2187,"    sessionKey: sessionStoreEntry.sessionKey ?? sessionKey,"
G16,line 12649 occurrence 1,12649,1,dispatch-from-config.ts:2188--2194,src/auto-reply/reply/dispatch-from-config.ts,2188,2194,channel,line=2188,token,PASS,2188,    channel:
G16,line 12654 occurrence 1,12654,1,dispatch-from-config.ts:2195,src/auto-reply/reply/dispatch-from-config.ts,2195,2195,chatType,line=2195,token,PASS,2195,"    chatType: sessionStoreEntry.entry?.chatType,"
G16,line 12659 occurrence 1,12659,1,dispatch-from-config.ts:2184--2196,src/auto-reply/reply/dispatch-from-config.ts,2184,2196,chatType,line=2195,token,PASS,2195,"    chatType: sessionStoreEntry.entry?.chatType,"
G16,line 12676 occurrence 1,12676,1,dispatch-from-config.ts:2206--2210,src/auto-reply/reply/dispatch-from-config.ts,2206,2210,resolveEffectiveToolPolicy,line=2206,token,PASS,2206,  } = resolveEffectiveToolPolicy({
G16,line 12681 occurrence 1,12681,1,dispatch-from-config.ts:2207,src/auto-reply/reply/dispatch-from-config.ts,2207,2207,config,line=2207,token,PASS,2207,"    config: cfg,"
G16,line 12686 occurrence 1,12686,1,dispatch-from-config.ts:2208,src/auto-reply/reply/dispatch-from-config.ts,2208,2208,sessionKey,line=2208,token,PASS,2208,"    sessionKey: acpDispatchSessionKey,"
G16,line 12691 occurrence 1,12691,1,dispatch-from-config.ts:2209,src/auto-reply/reply/dispatch-from-config.ts,2209,2209,agentId,line=2209,token,PASS,2209,"    agentId: sessionAgentId,"
G16,line 12696 occurrence 1,12696,1,dispatch-from-config.ts:2206--2210,src/auto-reply/reply/dispatch-from-config.ts,2206,2210,agentId,line=2209,token,PASS,2209,"    agentId: sessionAgentId,"
G16,line 12702 occurrence 1,12702,1,dispatch-from-config.ts:2289--2299,src/auto-reply/reply/dispatch-from-config.ts,2289,2299,isToolAllowedByPolicies,line=2289,token,PASS,2289,"  const messageToolAvailable = isToolAllowedByPolicies(""message"", ["
G16,line 12707 occurrence 1,12707,1,dispatch-from-config.ts:2289--2299,src/auto-reply/reply/dispatch-from-config.ts,2289,2299,isToolAllowedByPolicies,line=2289,token,PASS,2289,"  const messageToolAvailable = isToolAllowedByPolicies(""message"", ["
G16,line 12712 occurrence 1,12712,1,dispatch-from-config.ts:2289--2299,src/auto-reply/reply/dispatch-from-config.ts,2289,2299,message,line=2289,token,PASS,2289,"  const messageToolAvailable = isToolAllowedByPolicies(""message"", ["
G16,line 12718 occurrence 1,12718,1,dispatch-from-config.ts:2300--2321,src/auto-reply/reply/dispatch-from-config.ts,2300,2321,resolveSourceReplyVisibilityPolicy,line=2300,token,PASS,2300,  const sourceReplyPolicy = resolveSourceReplyVisibilityPolicy({
G16,line 12723 occurrence 1,12723,1,dispatch-from-config.ts:2300--2321,src/auto-reply/reply/dispatch-from-config.ts,2300,2321,resolveSourceReplyVisibilityPolicy,line=2300,token,PASS,2300,  const sourceReplyPolicy = resolveSourceReplyVisibilityPolicy({
G16,line 12740 occurrence 1,12740,1,dispatch-from-config.ts:2342,src/auto-reply/reply/dispatch-from-config.ts,2342,2342,claimInboundDedupe,line=2342,token,PASS,2342,  const inboundDedupeClaim = claimInboundDedupe(ctx);
G16,line 12745 occurrence 1,12745,1,dispatch-from-config.ts:2343--2349,src/auto-reply/reply/dispatch-from-config.ts,2343,2349,recordProcessed,line=2344,token,PASS,2344,"    recordProcessed(""skipped"", { reason: ""duplicate"" });"
G16,line 12750 occurrence 1,12750,1,dispatch-from-config.ts:2344,src/auto-reply/reply/dispatch-from-config.ts,2344,2344,recordProcessed,line=2344,token,PASS,2344,"    recordProcessed(""skipped"", { reason: ""duplicate"" });"
G16,line 12755 occurrence 1,12755,1,dispatch-from-config.ts:2345--2348,src/auto-reply/reply/dispatch-from-config.ts,2345,2348,dispatch,line=2347,token,PASS,2347,"      counts: dispatcher.getQueuedCounts(),"
G16,line 12760 occurrence 1,12760,1,dispatch-from-config.ts:2350--2359,src/auto-reply/reply/dispatch-from-config.ts,2350,2359,release,line=2355,token,PASS,2355,  const releaseInboundDedupeIfClaimed = () => {
G16,line 12777 occurrence 1,12777,1,dispatch-from-config.ts:2399--2425,src/auto-reply/reply/dispatch-from-config.ts,2399,2425,emitMessageReceivedHooks,line=2399,token,PASS,2399,  const emitMessageReceivedHooks = () => {
G16,line 12782 occurrence 1,12782,1,dispatch-from-config.ts:2400--2411,src/auto-reply/reply/dispatch-from-config.ts,2400,2411,message_received,line=2402,token,PASS,2402,"      hookRunner?.hasHooks(""message_received"") === true"
G16,line 12787 occurrence 1,12787,1,dispatch-from-config.ts:2413--2424,src/auto-reply/reply/dispatch-from-config.ts,2413,2424,message_received,line=2422,token,PASS,2422,"        ""dispatch-from-config: message_received internal hook failed"","
G16,line 12792 occurrence 1,12792,1,dispatch-from-config.ts:2426,src/auto-reply/reply/dispatch-from-config.ts,2426,2426,markProcessing,line=2426,token,PASS,2426,  markProcessing();
G16,line 12797 occurrence 1,12797,1,dispatch-from-config.ts:2428--2474,src/auto-reply/reply/dispatch-from-config.ts,2428,2474,fast_abort,line=2465,token,PASS,2465,"          `dispatch-from-config: fast_abort reply suppressed by ${deliverySuppressionReason} (session=${sessionKey ?? ""u..."
G16,line 12802 occurrence 1,12802,1,dispatch-from-config.ts:2436--2474,src/auto-reply/reply/dispatch-from-config.ts,2436,2474,fast_abort,line=2465,token,PASS,2465,"          `dispatch-from-config: fast_abort reply suppressed by ${deliverySuppressionReason} (session=${sessionKey ?? ""u..."
G16,line 12819 occurrence 1,12819,1,dispatch-from-config.ts:2478,src/auto-reply/reply/dispatch-from-config.ts,2478,2478,ensureDispatchReplyOperation,line=2478,token,PASS,2478,"    const preDispatchAcquisition = await ensureDispatchReplyOperation(""pre_dispatch"");"
G16,line 12824 occurrence 1,12824,1,dispatch-from-config.ts:2479--2480,src/auto-reply/reply/dispatch-from-config.ts,2479,2480,aborted,line=2479,token,PASS,2479,"    if (preDispatchAcquisition.status === ""aborted"") {"
G16,line 12829 occurrence 1,12829,1,dispatch-from-config.ts:2482--2483,src/auto-reply/reply/dispatch-from-config.ts,2482,2483,status,line=2482,token,PASS,2482,"    if (preDispatchAcquisition.status === ""busy"") {"
G16,line 12834 occurrence 1,12834,1,dispatch-from-config.ts:2486 onward,src/auto-reply/reply/dispatch-from-config.ts,2486,-1,dispatch,line=2558,token,PASS,2558,"            markIdle(""plugin_binding_dispatch"");"
G16,line 12851 occurrence 1,12851,1,dispatch-from-config.ts:2908--2968,src/auto-reply/reply/dispatch-from-config.ts,2908,2968,before_dispatch,line=2908,token,PASS,2908,    // Run before_dispatch hook — let plugins inspect or handle before model dispatch.
G16,line 12856 occurrence 1,12856,1,dispatch-from-config.ts:2910--2947,src/auto-reply/reply/dispatch-from-config.ts,2910,2947,before_dispatch_hooks,line=2910,token,PASS,2910,"      const beforeDispatchResult = await traceReplyPhase(""reply.before_dispatch_hooks"", () =>"
G16,line 12861 occurrence 1,12861,1,dispatch-from-config.ts:2910--2947,src/auto-reply/reply/dispatch-from-config.ts,2910,2947,before_dispatch_hooks,line=2910,token,PASS,2910,"      const beforeDispatchResult = await traceReplyPhase(""reply.before_dispatch_hooks"", () =>"
G16,line 12866 occurrence 1,12866,1,dispatch-from-config.ts:2910--2947,src/auto-reply/reply/dispatch-from-config.ts,2910,2947,before_dispatch_hooks,line=2910,token,PASS,2910,"      const beforeDispatchResult = await traceReplyPhase(""reply.before_dispatch_hooks"", () =>"
G16,line 12871 occurrence 1,12871,1,dispatch-from-config.ts:2948--2968,src/auto-reply/reply/dispatch-from-config.ts,2948,2968,dispatch,line=2957,token,PASS,2957,"              deliveryId: ""before-dispatch"","
G16,line 12877 occurrence 1,12877,1,dispatch-from-config.ts:2973--3023,src/auto-reply/reply/dispatch-from-config.ts,2973,3023,traceReplyPhase,line=2974,token,PASS,2974,"      const replyDispatchResult = await traceReplyPhase(""reply.reply_dispatch_hooks"", () =>"
G16,line 12882 occurrence 1,12882,1,dispatch-from-config.ts:2974--3014,src/auto-reply/reply/dispatch-from-config.ts,2974,3014,reply_dispatch_hooks,line=2974,token,PASS,2974,"      const replyDispatchResult = await traceReplyPhase(""reply.reply_dispatch_hooks"", () =>"
G16,line 12887 occurrence 1,12887,1,dispatch-from-config.ts:2974--3014,src/auto-reply/reply/dispatch-from-config.ts,2974,3014,reply_dispatch_hooks,line=2974,token,PASS,2974,"      const replyDispatchResult = await traceReplyPhase(""reply.reply_dispatch_hooks"", () =>"
G16,line 12892 occurrence 1,12892,1,dispatch-from-config.ts:2974--3014,src/auto-reply/reply/dispatch-from-config.ts,2974,3014,reply_dispatch_hooks,line=2974,token,PASS,2974,"      const replyDispatchResult = await traceReplyPhase(""reply.reply_dispatch_hooks"", () =>"
G16,line 12897 occurrence 1,12897,1,dispatch-from-config.ts:3015--3023,src/auto-reply/reply/dispatch-from-config.ts,3015,3023,handled,line=3015,token,PASS,3015,      if (replyDispatchResult?.handled) {
G16,line 12914 occurrence 1,12914,1,dispatch-from-config.ts:3025,src/auto-reply/reply/dispatch-from-config.ts,3025,3025,ensureDispatchReplyOperation,line=3025,token,PASS,3025,"    const dispatchAcquisition = await ensureDispatchReplyOperation(""dispatch"");"
G16,line 12919 occurrence 1,12919,1,dispatch-from-config.ts:3026--3027,src/auto-reply/reply/dispatch-from-config.ts,3026,3027,dispatch,line=3026,token,PASS,3026,"    if (dispatchAcquisition.status === ""aborted"") {"
G16,line 12924 occurrence 1,12924,1,dispatch-from-config.ts:3029--3030,src/auto-reply/reply/dispatch-from-config.ts,3029,3030,dispatch,line=3029,token,PASS,3029,"    if (dispatchAcquisition.status === ""busy"") {"
G16,line 12930 occurrence 1,12930,1,dispatch-from-config.ts:3297--3380,src/auto-reply/reply/dispatch-from-config.ts,3297,3380,dispatch,line=3316,token,PASS,3316,          await waitForPendingDirectBlockReplyDelivery(dispatchAbortOperation?.abortSignal);
G16,line 12947 occurrence 1,12947,1,dispatch-from-config.ts:3381--3384,src/auto-reply/reply/dispatch-from-config.ts,3381,3384,load_reply_resolver,line=3383,token,PASS,3383,"      (await traceReplyPhase(""reply.load_reply_resolver"", () => loadGetReplyFromConfigRuntime()))"
G16,line 12952 occurrence 1,12952,1,dispatch-from-config.ts:3381--3384,src/auto-reply/reply/dispatch-from-config.ts,3381,3384,loadGetReplyFromConfigRuntime,line=3383,token,PASS,3383,"      (await traceReplyPhase(""reply.load_reply_resolver"", () => loadGetReplyFromConfigRuntime()))"
G16,line 12957 occurrence 1,12957,1,dispatch-from-config.ts:3381--3384,src/auto-reply/reply/dispatch-from-config.ts,3381,3384,loadGetReplyFromConfigRuntime,line=3383,token,PASS,3383,"      (await traceReplyPhase(""reply.load_reply_resolver"", () => loadGetReplyFromConfigRuntime()))"
G16,line 12962 occurrence 1,12962,1,dispatch-from-config.ts:3385--3387,src/auto-reply/reply/dispatch-from-config.ts,3385,3387,withFullRuntimeReplyConfig,line=3385,token,PASS,3385,    const replyConfig = withFullRuntimeReplyConfig(
G16,line 12967 occurrence 1,12967,1,dispatch-from-config.ts:3385--3387,src/auto-reply/reply/dispatch-from-config.ts,3385,3387,withFullRuntimeReplyConfig,line=3385,token,PASS,3385,    const replyConfig = withFullRuntimeReplyConfig(
G16,line 12972 occurrence 1,12972,1,dispatch-from-config.ts:3389--3811,src/auto-reply/reply/dispatch-from-config.ts,3389,3811,runWithDispatchLifecycleAdmission,line=3389,token,PASS,3389,    const replyResult = await runWithDispatchLifecycleAdmission(
G16,line 12977 occurrence 1,12977,1,dispatch-from-config.ts:3389--3811,src/auto-reply/reply/dispatch-from-config.ts,3389,3811,runWithDispatchLifecycleAdmission,line=3389,token,PASS,3389,    const replyResult = await runWithDispatchLifecycleAdmission(
G16,line 12982 occurrence 1,12982,1,dispatch-from-config.ts:3389--3811,src/auto-reply/reply/dispatch-from-config.ts,3389,3811,run_reply_resolver,line=3394,token,PASS,3394,"            traceReplyPhase(""reply.run_reply_resolver"", () =>"
G16,line 12987 occurrence 1,12987,1,dispatch-from-config.ts:3389--3811,src/auto-reply/reply/dispatch-from-config.ts,3389,3811,reply_resolver,line=3394,token,PASS,3394,"            traceReplyPhase(""reply.run_reply_resolver"", () =>"
G16,line 12992 occurrence 1,12992,1,dispatch-from-config.ts:3389--3811,src/auto-reply/reply/dispatch-from-config.ts,3389,3811,dispatch,line=3468,token,PASS,3468,"                        dispatchAbortOperation?.abortSignal,"
G16,line 13014 occurrence 1,13014,1,dispatch-from-config.ts:3812 onward,src/auto-reply/reply/dispatch-from-config.ts,3812,-1,takeCommandSessionMetadataChanges,line=3812,token,PASS,3812,    const sessionMetadataChanges = takeCommandSessionMetadataChanges(ctx);
G16,line 13019 occurrence 1,13019,1,dispatch-from-config.ts:3812 onward,src/auto-reply/reply/dispatch-from-config.ts,3812,-1,takeCommandSessionMetadataChanges,line=3812,token,PASS,3812,    const sessionMetadataChanges = takeCommandSessionMetadataChanges(ctx);
G16,line 13024 occurrence 1,13024,1,dispatch-from-config.ts:3812 onward,src/auto-reply/reply/dispatch-from-config.ts,3812,-1,notifySessionMetadataChanges,line=3813,token,PASS,3813,    notifySessionMetadataChanges(sessionMetadataChanges);
G16,line 13029 occurrence 1,13029,1,dispatch-from-config.ts:3812 onward,src/auto-reply/reply/dispatch-from-config.ts,3812,-1,ensureDispatchReplyOperation,line=3814,token,PASS,3814,"    const finalDispatchAcquisition = await ensureDispatchReplyOperation(""dispatch"");"
G16,line 13046 occurrence 1,13046,1,dispatch-from-config.ts:3809,src/auto-reply/reply/dispatch-from-config.ts,3809,3809,trackDispatchLifecycleWork,line=3809,function-range-line-not-pinned,PASS,3809,"          trackDispatchLifecycleWork,"
G16,line 13051 occurrence 1,13051,1,dispatch-from-config.ts:3812 onward,src/auto-reply/reply/dispatch-from-config.ts,3812,-1,flushPendingCommentaryProgress,line=3889,token,PASS,3889,    await flushPendingCommentaryProgress();
G16,line 13056 occurrence 1,13056,1,dispatch-from-config.ts:3812 onward,src/auto-reply/reply/dispatch-from-config.ts,3812,-1,flushPendingCommentaryProgress,line=3889,token,PASS,3889,    await flushPendingCommentaryProgress();
G16,line 13061 occurrence 1,13061,1,dispatch-from-config.ts:3812 onward,src/auto-reply/reply/dispatch-from-config.ts,3812,-1,suppression,line=3900,token,PASS,3900,    // room_event suppression. Ambient marked notices (no CommandTurn) stay
G16,line 13066 occurrence 1,13066,1,dispatch-from-config.ts:3812 onward,src/auto-reply/reply/dispatch-from-config.ts,3812,-1,sendFinalPayload,line=3943,token,PASS,3943,"      const finalReply = await sendFinalPayload(reply, { deliveryId: String(replyIndex) });"
G16,line 13071 occurrence 1,13071,1,dispatch-from-config.ts:3812 onward,src/auto-reply/reply/dispatch-from-config.ts,3812,-1,sendFinalPayload,line=3943,token,PASS,3943,"      const finalReply = await sendFinalPayload(reply, { deliveryId: String(replyIndex) });"
G16,line 13076 occurrence 1,13076,1,dispatch-from-config.ts:3812 onward,src/auto-reply/reply/dispatch-from-config.ts,3812,-1,sendFinalPayload,line=3943,token,PASS,3943,"      const finalReply = await sendFinalPayload(reply, { deliveryId: String(replyIndex) });"
G16,line 13093 occurrence 1,13093,1,dispatch-from-config.ts:4040,src/auto-reply/reply/dispatch-from-config.ts,4040,4040,waitForPendingDirectBlockReplyDelivery,line=4040,token,PASS,4040,    await waitForPendingDirectBlockReplyDelivery(getDispatchAbortSignal());
G16,line 13098 occurrence 1,13098,1,dispatch-from-config.ts:4041,src/auto-reply/reply/dispatch-from-config.ts,4041,4041,dispatcher,line=4041,token,PASS,4041,    const counts = dispatcher.getQueuedCounts();
G16,line 13103 occurrence 1,13103,1,dispatch-from-config.ts:4042,src/auto-reply/reply/dispatch-from-config.ts,4042,4042,final,line=4042,token,PASS,4042,    counts.final += routedFinalCount;
G16,line 13108 occurrence 1,13108,1,dispatch-from-config.ts:4043,src/auto-reply/reply/dispatch-from-config.ts,4043,4043,commitInboundDedupeIfClaimed,line=4043,token,PASS,4043,    commitInboundDedupeIfClaimed();
G16,line 13113 occurrence 1,13113,1,dispatch-from-config.ts:4044,src/auto-reply/reply/dispatch-from-config.ts,4044,4044,recordAgentDispatchCompleted,line=4044,token,PASS,4044,"    recordAgentDispatchCompleted(""completed"");"
G16,line 13118 occurrence 1,13118,1,dispatch-from-config.ts:4045--4048,src/auto-reply/reply/dispatch-from-config.ts,4045,4048,recordProcessed,line=4045,token,PASS,4045,    recordProcessed(
G16,line 13123 occurrence 1,13123,1,dispatch-from-config.ts:4049,src/auto-reply/reply/dispatch-from-config.ts,4049,4049,message_completed,line=4049,token,PASS,4049,"    markIdle(""message_completed"");"
G16,line 13128 occurrence 1,13128,1,dispatch-from-config.ts:4050,src/auto-reply/reply/dispatch-from-config.ts,4050,4050,completeDispatchReplyOperation,line=4050,token,PASS,4050,    completeDispatchReplyOperation();
G16,line 13133 occurrence 1,13133,1,dispatch-from-config.ts:4051--4062,src/auto-reply/reply/dispatch-from-config.ts,4051,4062,attachSourceReplyDeliveryMode,line=4051,function-range-line-not-pinned,PASS,4051,    return attachSourceReplyDeliveryMode({
G16,line 13150 occurrence 1,13150,1,dispatch-from-config.ts:4063--4078,src/auto-reply/reply/dispatch-from-config.ts,4063,4078,error,line=4074,token,PASS,4074,"    recordAgentDispatchCompleted(""error"", { error: String(err) });"
G16,line 13155 occurrence 1,13155,1,dispatch-from-config.ts:4064--4066,src/auto-reply/reply/dispatch-from-config.ts,4064,4066,if,line=4064,token,PASS,4064,    if (isDispatchReplyOperationAbortedError(err)) {
G16,line 13160 occurrence 1,13160,1,dispatch-from-config.ts:4067--4073,src/auto-reply/reply/dispatch-from-config.ts,4067,4073,release,line=4071,token,PASS,4071,        releaseInboundDedupe(inboundDedupeClaim.key);
G16,line 13165 occurrence 1,13165,1,dispatch-from-config.ts:4074,src/auto-reply/reply/dispatch-from-config.ts,4074,4074,recordAgentDispatchCompleted,line=4074,token,PASS,4074,"    recordAgentDispatchCompleted(""error"", { error: String(err) });"
G16,line 13170 occurrence 1,13170,1,dispatch-from-config.ts:4075,src/auto-reply/reply/dispatch-from-config.ts,4075,4075,recordProcessed,line=4075,token,PASS,4075,"    recordProcessed(""error"", { error: String(err) });"
G16,line 13175 occurrence 1,13175,1,dispatch-from-config.ts:4076,src/auto-reply/reply/dispatch-from-config.ts,4076,4076,message_error,line=4076,token,PASS,4076,"    markIdle(""message_error"");"
G16,line 13180 occurrence 1,13180,1,dispatch-from-config.ts:4077,src/auto-reply/reply/dispatch-from-config.ts,4077,4077,failDispatchReplyOperation,line=4077,token,PASS,4077,    failDispatchReplyOperation(err);
G16,line 13185 occurrence 1,13185,1,dispatch-from-config.ts:4078,src/auto-reply/reply/dispatch-from-config.ts,4078,4078,throw,line=4078,function-range-line-not-pinned,PASS,4078,    throw err;
G16,line 13372 occurrence 1,13372,1,dispatch-from-config.ts:1215--1228,src/auto-reply/reply/dispatch-from-config.ts,1215,1228,function,line=1215,token,PASS,1215,export async function dispatchReplyFromConfig(
G16,line 13375 occurrence 1,13375,1,dispatch-from-config.ts:1218--1339,src/auto-reply/reply/dispatch-from-config.ts,1218,1339,lifecycle,line=1235,token,PASS,1235,"  // resolveCommandTurnTargetSessionKey), whereas the lifecycle's sessionKey is"
G16,line 13378 occurrence 1,13378,1,dispatch-from-config.ts:1341--1464,src/auto-reply/reply/dispatch-from-config.ts,1341,1464,lifecycle,line=1350,token,PASS,1350,"  // may use another agent's store, but must not move source lifecycle admission."
G16,line 13381 occurrence 1,13381,1,dispatch-from-config.ts:1521--1623,src/auto-reply/reply/dispatch-from-config.ts,1521,1623,lifecycle,line=1539,token,PASS,1539,      // lifecycle mutation cannot commit while that delivery is still active.
G16,line 13384 occurrence 1,13384,1,dispatch-from-config.ts:1877--2321,src/auto-reply/reply/dispatch-from-config.ts,1877,2321,dispatch,line=1913,token,PASS,1913,"    // Plugin hooks may run in a different Codex cwd from core dispatch, so"
G16,line 13387 occurrence 1,13387,1,dispatch-from-config.ts:2342--3031,src/auto-reply/reply/dispatch-from-config.ts,2342,3031,operation,line=2367,token,PASS,2367,"      recordAgentDispatchCompleted(""completed"", { reason: ""reply-operation-active"" });"
G16,line 13390 occurrence 1,13390,1,dispatch-from-config.ts:3381--3384,src/auto-reply/reply/dispatch-from-config.ts,3381,3384,resolver,line=3383,token,PASS,3383,"      (await traceReplyPhase(""reply.load_reply_resolver"", () => loadGetReplyFromConfigRuntime()))"
G16,line 13393 occurrence 1,13393,1,dispatch-from-config.ts:3812 onward,src/auto-reply/reply/dispatch-from-config.ts,3812,-1,dispatch,line=3814,token,PASS,3814,"    const finalDispatchAcquisition = await ensureDispatchReplyOperation(""dispatch"");"
G16,line 13477 occurrence 1,13477,1,dispatch-from-config.ts:1215--1228,src/auto-reply/reply/dispatch-from-config.ts,1215,1228,dispatchReplyFromConfig,line=1215,token,PASS,1215,export async function dispatchReplyFromConfig(
G16,line 13488 occurrence 1,13488,1,dispatch-from-config.ts:1341--1464,src/auto-reply/reply/dispatch-from-config.ts,1341,1464,dispatch,line=1345,token,PASS,1345,  // stay target-keyed here. Bound ACP dispatch remains source-key owned while
G16,line 13502 occurrence 1,13502,1,dispatch-from-config.ts:1521--1623,src/auto-reply/reply/dispatch-from-config.ts,1521,1623,operation,line=1537,token,PASS,1537,      // The next full reply operation revalidates the persisted session. Drop
G16,line 13509 occurrence 1,13509,1,dispatch-from-config.ts:1877--2321,src/auto-reply/reply/dispatch-from-config.ts,1877,2321,effective,line=1984,token,PASS,1984,  const effectiveExplicitDeliverRoute =
G16,line 13515 occurrence 1,13515,1,dispatch-from-config.ts:2342--3031,src/auto-reply/reply/dispatch-from-config.ts,2342,3031,dispatch,line=2347,token,PASS,2347,"      counts: dispatcher.getQueuedCounts(),"
G16,line 13524 occurrence 1,13524,1,dispatch-from-config.ts:3033--3811,src/auto-reply/reply/dispatch-from-config.ts,3033,3811,getReplyFromConfig,line=3384,token,PASS,3384,        .getReplyFromConfig;
G16,line 13542 occurrence 1,13542,1,dispatch-from-config.ts:3812 onward,src/auto-reply/reply/dispatch-from-config.ts,3812,-1,suppression,line=3900,token,PASS,3900,    // room_event suppression. Ambient marked notices (no CommandTurn) stay
G16,line 13550 occurrence 1,13550,1,dispatch-from-config.ts:4040--4078,src/auto-reply/reply/dispatch-from-config.ts,4040,4078,dispatcher,line=4041,token,PASS,4041,    const counts = dispatcher.getQueuedCounts();
G17,line 13733 occurrence 1,13733,1,dispatch-from-config.ts:1422--1427,src/auto-reply/reply/dispatch-from-config.ts,1422,1427,config,line=1424,token,PASS,1424,"    config: cfg,"
G17,line 13740 occurrence 1,13740,1,agent-scope.ts:300--321,src/agents/agent-scope.ts,300,321,resolveSessionAgentIds,line=300,token,PASS,300,export function resolveSessionAgentIds(params: {
G17,line 13743 occurrence 1,13743,1,agent-scope.ts:323--329,src/agents/agent-scope.ts,323,329,resolveSessionAgentIds,line=329,token,PASS,329,  return resolveSessionAgentIds(params).sessionAgentId;
G17,line 13810 occurrence 1,13810,1,dispatch-from-config.ts:1422--1426,src/auto-reply/reply/dispatch-from-config.ts,1422,1426,acpDispatchSessionKey,line=1423,token,PASS,1423,"    sessionKey: acpDispatchSessionKey,"
G17,line 13817 occurrence 1,13817,1,dispatch-from-config.ts:1422--1426,src/auto-reply/reply/dispatch-from-config.ts,1422,1426,acpDispatchSessionKey,line=1423,token,PASS,1423,"    sessionKey: acpDispatchSessionKey,"
G17,line 13818 occurrence 1,13818,1,agent-scope.ts:300--329,src/agents/agent-scope.ts,300,329,resolveSessionAgentId,line=300,token,PASS,300,export function resolveSessionAgentIds(params: {
G17,line 13829 occurrence 1,13829,1,dispatch-from-config.ts:1427,src/auto-reply/reply/dispatch-from-config.ts,1427,1427,sessionAgentId,line=1427,token,PASS,1427,"  const sessionAgentCfg = resolveAgentConfig(cfg, sessionAgentId);"
G18,line 13941 occurrence 1,13941,1,dispatch-from-config.ts:3381--3384,src/auto-reply/reply/dispatch-from-config.ts,3381,3384,reply_resolver,line=3383,token,PASS,3383,"      (await traceReplyPhase(""reply.load_reply_resolver"", () => loadGetReplyFromConfigRuntime()))"
G18,line 13946 occurrence 1,13946,1,dispatch-from-config.ts:3381--3384,src/auto-reply/reply/dispatch-from-config.ts,3381,3384,reply_resolver,line=3383,token,PASS,3383,"      (await traceReplyPhase(""reply.load_reply_resolver"", () => loadGetReplyFromConfigRuntime()))"
G18,line 13951 occurrence 1,13951,1,dispatch-from-config.ts:3381--3384,src/auto-reply/reply/dispatch-from-config.ts,3381,3384,loadGetReplyFromConfigRuntime,line=3383,token,PASS,3383,"      (await traceReplyPhase(""reply.load_reply_resolver"", () => loadGetReplyFromConfigRuntime()))"
G18,line 13956 occurrence 1,13956,1,dispatch-from-config.ts:3381--3384,src/auto-reply/reply/dispatch-from-config.ts,3381,3384,loadGetReplyFromConfigRuntime,line=3383,token,PASS,3383,"      (await traceReplyPhase(""reply.load_reply_resolver"", () => loadGetReplyFromConfigRuntime()))"
G18,line 13961 occurrence 1,13961,1,dispatch-from-config.ts:3381--3384,src/auto-reply/reply/dispatch-from-config.ts,3381,3384,loadGetReplyFromConfigRuntime,line=3383,token,PASS,3383,"      (await traceReplyPhase(""reply.load_reply_resolver"", () => loadGetReplyFromConfigRuntime()))"
G18,line 13968 occurrence 1,13968,1,dispatch-from-config.ts:3388,src/auto-reply/reply/dispatch-from-config.ts,3388,3388,is,line=3388,token,PASS,3388,    recordAgentDispatchStarted();
G18,line 13973 occurrence 1,13973,1,dispatch-from-config.ts:3385--3387,src/auto-reply/reply/dispatch-from-config.ts,3385,3387,withFullRuntimeReplyConfig,line=3385,token,PASS,3385,    const replyConfig = withFullRuntimeReplyConfig(
G18,line 13978 occurrence 1,13978,1,dispatch-from-config.ts:3385--3387,src/auto-reply/reply/dispatch-from-config.ts,3385,3387,configOverride,line=3386,token,PASS,3386,"      params.configOverride ? (applyMergePatch(cfg, params.configOverride) as OpenClawConfig) : cfg,"
G18,line 13985 occurrence 1,13985,1,dispatch-from-config.ts:3389--3811,src/auto-reply/reply/dispatch-from-config.ts,3389,3811,runWithDispatchLifecycleAdmission,line=3389,token,PASS,3389,    const replyResult = await runWithDispatchLifecycleAdmission(
G18,line 13990 occurrence 1,13990,1,dispatch-from-config.ts:3389--3811,src/auto-reply/reply/dispatch-from-config.ts,3389,3811,runWithDispatchLifecycleAdmission,line=3389,token,PASS,3389,    const replyResult = await runWithDispatchLifecycleAdmission(
G18,line 13995 occurrence 1,13995,1,dispatch-from-config.ts:3389--3811,src/auto-reply/reply/dispatch-from-config.ts,3389,3811,runWithDispatchAbortSignal,line=3391,token,PASS,3391,        await runWithDispatchAbortSignal(
G18,line 14000 occurrence 1,14000,1,dispatch-from-config.ts:3389--3811,src/auto-reply/reply/dispatch-from-config.ts,3389,3811,run_reply_resolver,line=3394,token,PASS,3394,"            traceReplyPhase(""reply.run_reply_resolver"", () =>"
G18,line 14005 occurrence 1,14005,1,dispatch-from-config.ts:3389--3811,src/auto-reply/reply/dispatch-from-config.ts,3389,3811,reply_resolver,line=3394,token,PASS,3394,"            traceReplyPhase(""reply.run_reply_resolver"", () =>"
G18,line 14010 occurrence 1,14010,1,dispatch-from-config.ts:3389--3811,src/auto-reply/reply/dispatch-from-config.ts,3389,3811,dispatch,line=3468,token,PASS,3468,"                        dispatchAbortOperation?.abortSignal,"
G18,line 14015 occurrence 1,14015,1,dispatch-from-config.ts:3389--3811,src/auto-reply/reply/dispatch-from-config.ts,3389,3811,dispatch,line=3468,token,PASS,3468,"                        dispatchAbortOperation?.abortSignal,"
G18,line 14020 occurrence 1,14020,1,dispatch-from-config.ts:3389--3811,src/auto-reply/reply/dispatch-from-config.ts,3389,3811,dispatch,line=3468,token,PASS,3468,"                        dispatchAbortOperation?.abortSignal,"
G18,line 14027 occurrence 1,14027,1,dispatch-from-config.ts:3812 onward,src/auto-reply/reply/dispatch-from-config.ts,3812,-1,dispatch,line=3814,token,PASS,3814,"    const finalDispatchAcquisition = await ensureDispatchReplyOperation(""dispatch"");"
G18,line 14161 occurrence 1,14161,1,dispatch-from-config.ts:3381--3384,src/auto-reply/reply/dispatch-from-config.ts,3381,3384,Resolver,line=3381,token,PASS,3381,    const replyResolver =
G18,line 14164 occurrence 1,14164,1,dispatch-from-config.ts:3381--3384,src/auto-reply/reply/dispatch-from-config.ts,3381,3384,Resolver,line=3381,token,PASS,3381,    const replyResolver =
G18,line 14167 occurrence 1,14167,1,dispatch-from-config.ts:3381--3384,src/auto-reply/reply/dispatch-from-config.ts,3381,3384,reply,line=3381,token,PASS,3381,    const replyResolver =
G18,line 14170 occurrence 1,14170,1,dispatch-from-config.ts:3381--3384,src/auto-reply/reply/dispatch-from-config.ts,3381,3384,reply,line=3381,token,PASS,3381,    const replyResolver =
G18,line 14173 occurrence 1,14173,1,dispatch-from-config.ts:3381--3384,src/auto-reply/reply/dispatch-from-config.ts,3381,3384,Resolver,line=3381,token,PASS,3381,    const replyResolver =
G18,line 14176 occurrence 1,14176,1,dispatch-from-config.ts:3812 onward,src/auto-reply/reply/dispatch-from-config.ts,3812,-1,dispatch,line=3814,token,PASS,3814,"    const finalDispatchAcquisition = await ensureDispatchReplyOperation(""dispatch"");"
G18,line 14247 occurrence 1,14247,1,dispatch-from-config.ts:3381--3384,src/auto-reply/reply/dispatch-from-config.ts,3381,3384,getReplyFromConfig,line=3384,token,PASS,3384,        .getReplyFromConfig;
G18,line 14258 occurrence 1,14258,1,dispatch-from-config.ts:3381--3384,src/auto-reply/reply/dispatch-from-config.ts,3381,3384,getReplyFromConfig,line=3384,token,PASS,3384,        .getReplyFromConfig;
G18,line 14263 occurrence 1,14263,1,dispatch-from-config.ts:3381--3384,src/auto-reply/reply/dispatch-from-config.ts,3381,3384,resolver,line=3383,token,PASS,3383,"      (await traceReplyPhase(""reply.load_reply_resolver"", () => loadGetReplyFromConfigRuntime()))"
G18,line 14270 occurrence 1,14270,1,dispatch-from-config.ts:3381--3384,src/auto-reply/reply/dispatch-from-config.ts,3381,3384,resolver,line=3383,token,PASS,3383,"      (await traceReplyPhase(""reply.load_reply_resolver"", () => loadGetReplyFromConfigRuntime()))"
G18,line 14284 occurrence 1,14284,1,dispatch-from-config.ts:3812 onward,src/auto-reply/reply/dispatch-from-config.ts,3812,-1,replyResult,line=3886,token,PASS,3886,    const replies = replyResult ? (Array.isArray(replyResult) ? replyResult : [replyResult]) : [];
B. Source Anchors,line 14752 occurrence 1,14752,1,src/auto-reply/reply/dispatch-from-config.ts:3381--3384,src/auto-reply/reply/dispatch-from-config.ts,3381,3384,resolver,line=3383,token,PASS,3383,"      (await traceReplyPhase(""reply.load_reply_resolver"", () => loadGetReplyFromConfigRuntime()))"
B. Source Anchors,line 14758 occurrence 1,14758,1,src/auto-reply/reply/get-reply-run.ts:512+,src/auto-reply/reply/get-reply-run.ts,512,-1,config,line=572,token,PASS,572,"    queueMode: perMessageQueueMode ?? ""configured"","
B. Source Anchors,line 14761 occurrence 1,14761,1,src/auto-reply/reply/agent-runner.ts:1130+,src/auto-reply/reply/agent-runner.ts,1130,-1,execution,line=1838,token,PASS,1838,      : (runResult.meta?.executionTrace?.winnerProvider ?? providerUsed);
B. Source Anchors,line 14764 occurrence 1,14764,1,src/auto-reply/reply/agent-runner-execution.ts:2338--2660,src/auto-reply/reply/agent-runner-execution.ts,2338,2660,selection,line=2473,token,PASS,2473,"                        `failed to roll back fallback candidate selection (non-fatal): ${String(rollbackError)}`,"
B. Source Anchors,line 14767 occurrence 1,14767,1,src/agents/embedded-agent-runner/run/attempt.ts:1150--1158,src/agents/embedded-agent-runner/run/attempt.ts,1150,1158,prompt,line=1152,token,PASS,1152,"      entries: promptSkillEntries,"
B. Source Anchors,line 14770 occurrence 1,14770,1,src/agents/embedded-agent-runner/run/attempt.ts:1342--1383,src/agents/embedded-agent-runner/run/attempt.ts,1342,1383,session,line=1346,token,PASS,1346,"            agentId: sessionAgentId,"
B. Source Anchors,line 14773 occurrence 1,14773,1,src/agents/embedded-agent-runner/run/attempt.ts:2557--2573,src/agents/embedded-agent-runner/run/attempt.ts,2557,2573,session,line=2569,token,PASS,2569,"          tools: sessionToolAllowlist,"
B. Source Anchors,line 14776 occurrence 1,14776,1,src/agents/embedded-agent-runner/run/attempt.ts:3582--3588,src/agents/embedded-agent-runner/run/attempt.ts,3582,3588,prompt,line=3582,token,PASS,3582,      const promptActiveSession = (
B. Source Anchors,line 14779 occurrence 1,14779,1,src/agents/embedded-agent-runner/run/attempt.ts:3711--3749,src/agents/embedded-agent-runner/run/attempt.ts,3711,3749,subscription,line=3711,token,PASS,3711,      const subscription = subscribeEmbeddedAgentSession(
B. Source Anchors,line 14782 occurrence 1,14782,1,src/agents/embedded-agent-subscribe.handlers.lifecycle.ts:27--58,src/agents/embedded-agent-subscribe.handlers.lifecycle.ts,27,58,lifecycle,line=45,token,PASS,45,    ...(ctx.params.lifecycleGeneration
B. Source Anchors,line 14785 occurrence 1,14785,1,src/agents/embedded-agent-subscribe.handlers.tools.ts:1044--1059,src/agents/embedded-agent-subscribe.handlers.tools.ts,1044,1059,embedded,line=1045,token,PASS,1045,"      `embedded run tool start: runId=${ctx.params.runId} tool=${toolName} toolCallId=${toolCallId}`,"
B. Source Anchors,line 14795 occurrence 1,14795,1,src/infra/agent-events.ts:487+,src/infra/agent-events.ts,487,-1,subscribe,line=565,token,PASS,565,/** Subscribes to sequenced agent events; returns an unsubscribe callback. */
